src,tgt,vol_ratio_Rvol,CPC_baseline,CPC_norm_baseline,CPC_vol_only,CPC_pure_dbd,CPC_joint,Gain_vol_only,Gain_pure_dbd,Gain_joint,TVD_dbd_misfit_after
Arlington,Seattle,0.0411,0.0771,0.4975,0.4975,0.0788,0.6137,0.4203,0.0017,0.5366,0.0
Arlington,Charlotte,0.0663,0.1173,0.485,0.485,0.1232,0.601,0.3677,0.0059,0.4837,0.0
Arlington,San_Diego,0.0858,0.1388,0.4168,0.4168,0.1503,0.5021,0.278,0.0115,0.3633,0.0
Arlington,Chicago,0.3082,0.2966,0.3864,0.3864,0.3497,0.4723,0.0898,0.0532,0.1757,0.0
Seattle,Arlington,0.0289,0.0559,0.5203,0.5203,0.0562,0.693,0.4643,0.0003,0.6371,0.0
Seattle,Charlotte,0.0646,0.1146,0.4851,0.4851,0.1202,0.6011,0.3705,0.0056,0.4865,0.0
Seattle,San_Diego,0.0836,0.136,0.4169,0.4169,0.1471,0.5022,0.2809,0.011,0.3662,0.0
Seattle,Chicago,0.3002,0.2932,0.3866,0.3866,0.3452,0.4725,0.0933,0.052,0.1792,0.0
Charlotte,Arlington,0.0298,0.0576,0.52,0.52,0.0579,0.6929,0.4625,0.0003,0.6353,0.0
Charlotte,Seattle,0.0413,0.0775,0.4974,0.4974,0.0792,0.6137,0.4199,0.0017,0.5362,0.0
Charlotte,San_Diego,0.0863,0.1394,0.4167,0.4167,0.1509,0.5021,0.2774,0.0116,0.3627,0.0
Charlotte,Chicago,0.3098,0.2972,0.3863,0.3863,0.3506,0.4723,0.0891,0.0534,0.175,0.0
San_Diego,Arlington,0.0289,0.0559,0.5203,0.5203,0.0562,0.693,0.4644,0.0003,0.6371,0.0
San_Diego,Seattle,0.0401,0.0753,0.4977,0.4977,0.0768,0.6138,0.4224,0.0016,0.5385,0.0
San_Diego,Charlotte,0.0645,0.1145,0.4851,0.4851,0.1201,0.6011,0.3706,0.0056,0.4866,0.0
San_Diego,Chicago,0.2999,0.2931,0.3866,0.3866,0.345,0.4725,0.0935,0.0519,0.1794,0.0
Chicago,Arlington,0.0204,0.0399,0.5331,0.5331,0.04,0.7039,0.4932,0.0001,0.664,0.0
Chicago,Seattle,0.0317,0.0606,0.5008,0.5008,0.0614,0.6076,0.4402,0.0008,0.547,0.0
Chicago,Charlotte,0.0474,0.087,0.4852,0.4852,0.09,0.5958,0.3982,0.003,0.5088,0.0
Chicago,San_Diego,0.0612,0.1063,0.4283,0.4283,0.1123,0.5095,0.3221,0.006,0.4033,0.0
