city,model,loss_mode,quantile_bin,n_pairs,flow_min,flow_max,mae,rel_error
Arlington,GNN,raw_mse,Q1_0_50,1594,3.0,329.0,136.54,0.7981
Arlington,GNN,raw_mse,Q2_50_75,798,330.0,820.0,505.08,0.9516
Arlington,GNN,raw_mse,Q3_75_90,479,823.0,2047.0,1258.05,0.9795
Arlington,GNN,raw_mse,Q4_90_99,287,2052.0,6903.0,3600.03,0.9922
Arlington,GNN,raw_mse,Q5_99_100,32,6978.0,25428.0,9459.72,0.997
Arlington,GNN,log1p_mse,Q1_0_50,1594,3.0,329.0,135.43,0.7913
Arlington,GNN,log1p_mse,Q2_50_75,798,330.0,820.0,503.9,0.9493
Arlington,GNN,log1p_mse,Q3_75_90,479,823.0,2047.0,1256.88,0.9785
Arlington,GNN,log1p_mse,Q4_90_99,287,2052.0,6903.0,3598.87,0.9919
Arlington,GNN,log1p_mse,Q5_99_100,32,6978.0,25428.0,9458.56,0.9969
Arlington,MLP,raw_mse,Q1_0_50,1594,3.0,329.0,136.52,0.798
Arlington,MLP,raw_mse,Q2_50_75,798,330.0,820.0,505.06,0.9516
Arlington,MLP,raw_mse,Q3_75_90,479,823.0,2047.0,1258.03,0.9795
Arlington,MLP,raw_mse,Q4_90_99,287,2052.0,6903.0,3600.01,0.9922
Arlington,MLP,raw_mse,Q5_99_100,32,6978.0,25428.0,9459.7,0.997
Arlington,MLP,log1p_mse,Q1_0_50,1594,3.0,329.0,135.74,0.7932
Arlington,MLP,log1p_mse,Q2_50_75,798,330.0,820.0,504.23,0.9499
Arlington,MLP,log1p_mse,Q3_75_90,479,823.0,2047.0,1257.21,0.9788
Arlington,MLP,log1p_mse,Q4_90_99,287,2052.0,6903.0,3599.2,0.992
Arlington,MLP,log1p_mse,Q5_99_100,32,6978.0,25428.0,9458.89,0.9969
Seattle,GNN,raw_mse,Q1_0_50,6021,1.0,226.0,78.2,0.7932
Seattle,GNN,raw_mse,Q2_50_75,3035,227.0,567.0,339.33,0.9302
Seattle,GNN,raw_mse,Q3_75_90,1811,568.0,1338.0,831.24,0.9701
Seattle,GNN,raw_mse,Q4_90_99,1088,1340.0,5495.0,2433.46,0.9884
Seattle,GNN,raw_mse,Q5_99_100,121,5547.0,35671.0,9113.83,0.9968
Seattle,GNN,log1p_mse,Q1_0_50,6021,1.0,226.0,77.7,0.7938
Seattle,GNN,log1p_mse,Q2_50_75,3035,227.0,567.0,338.69,0.9283
Seattle,GNN,log1p_mse,Q3_75_90,1811,568.0,1338.0,830.61,0.9693
Seattle,GNN,log1p_mse,Q4_90_99,1088,1340.0,5495.0,2432.85,0.9881
Seattle,GNN,log1p_mse,Q5_99_100,121,5547.0,35671.0,9113.23,0.9967
Seattle,MLP,raw_mse,Q1_0_50,6021,1.0,226.0,78.27,0.7931
Seattle,MLP,raw_mse,Q2_50_75,3035,227.0,567.0,339.42,0.9304
Seattle,MLP,raw_mse,Q3_75_90,1811,568.0,1338.0,831.33,0.9702
Seattle,MLP,raw_mse,Q4_90_99,1088,1340.0,5495.0,2433.55,0.9885
Seattle,MLP,raw_mse,Q5_99_100,121,5547.0,35671.0,9113.93,0.9968
Seattle,MLP,log1p_mse,Q1_0_50,6021,1.0,226.0,77.67,0.7938
Seattle,MLP,log1p_mse,Q2_50_75,3035,227.0,567.0,338.65,0.9282
Seattle,MLP,log1p_mse,Q3_75_90,1811,568.0,1338.0,830.57,0.9692
Seattle,MLP,log1p_mse,Q4_90_99,1088,1340.0,5495.0,2432.8,0.9881
Seattle,MLP,log1p_mse,Q5_99_100,121,5547.0,35671.0,9113.18,0.9967
Charlotte,GNN,raw_mse,Q1_0_50,11787,1.0,127.0,37.05,0.8494
Charlotte,GNN,raw_mse,Q2_50_75,5990,128.0,319.0,184.19,0.8818
Charlotte,GNN,raw_mse,Q3_75_90,3553,320.0,760.0,457.95,0.9487
Charlotte,GNN,raw_mse,Q4_90_99,2137,761.0,3750.0,1486.05,0.9809
Charlotte,GNN,raw_mse,Q5_99_100,238,3754.0,31146.0,6072.32,0.9954
Charlotte,GNN,log1p_mse,Q1_0_50,11787,1.0,127.0,36.58,0.8632
Charlotte,GNN,log1p_mse,Q2_50_75,5990,128.0,319.0,183.29,0.8771
Charlotte,GNN,log1p_mse,Q3_75_90,3553,320.0,760.0,457.05,0.9467
Charlotte,GNN,log1p_mse,Q4_90_99,2137,761.0,3750.0,1485.16,0.9802
Charlotte,GNN,log1p_mse,Q5_99_100,238,3754.0,31146.0,6071.44,0.9952
Charlotte,MLP,raw_mse,Q1_0_50,11787,1.0,127.0,37.13,0.847
Charlotte,MLP,raw_mse,Q2_50_75,5990,128.0,319.0,184.36,0.8826
Charlotte,MLP,raw_mse,Q3_75_90,3553,320.0,760.0,458.11,0.9491
Charlotte,MLP,raw_mse,Q4_90_99,2137,761.0,3750.0,1486.22,0.981
Charlotte,MLP,raw_mse,Q5_99_100,238,3754.0,31146.0,6072.49,0.9954
Charlotte,MLP,log1p_mse,Q1_0_50,11787,1.0,127.0,36.66,0.8608
Charlotte,MLP,log1p_mse,Q2_50_75,5990,128.0,319.0,183.44,0.8779
Charlotte,MLP,log1p_mse,Q3_75_90,3553,320.0,760.0,457.2,0.9471
Charlotte,MLP,log1p_mse,Q4_90_99,2137,761.0,3750.0,1485.31,0.9803
Charlotte,MLP,log1p_mse,Q5_99_100,238,3754.0,31146.0,6071.59,0.9953
San_Diego,GNN,raw_mse,Q1_0_50,26247,1.0,70.0,16.25,1.1748
San_Diego,GNN,raw_mse,Q2_50_75,13238,71.0,207.0,102.36,0.798
San_Diego,GNN,raw_mse,Q3_75_90,7899,208.0,568.0,314.5,0.9249
San_Diego,GNN,raw_mse,Q4_90_99,4748,569.0,3703.0,1247.54,0.976
San_Diego,GNN,raw_mse,Q5_99_100,527,3708.0,21211.0,6175.62,0.9954
San_Diego,GNN,log1p_mse,Q1_0_50,26247,1.0,70.0,16.21,1.2075
San_Diego,GNN,log1p_mse,Q2_50_75,13238,71.0,207.0,101.72,0.7923
San_Diego,GNN,log1p_mse,Q3_75_90,7899,208.0,568.0,313.86,0.9229
San_Diego,GNN,log1p_mse,Q4_90_99,4748,569.0,3703.0,1246.91,0.9754
San_Diego,GNN,log1p_mse,Q5_99_100,527,3708.0,21211.0,6175.0,0.9953
San_Diego,MLP,raw_mse,Q1_0_50,26247,1.0,70.0,16.25,1.1771
San_Diego,MLP,raw_mse,Q2_50_75,13238,71.0,207.0,102.32,0.7976
San_Diego,MLP,raw_mse,Q3_75_90,7899,208.0,568.0,314.45,0.9248
San_Diego,MLP,raw_mse,Q4_90_99,4748,569.0,3703.0,1247.49,0.976
San_Diego,MLP,raw_mse,Q5_99_100,527,3708.0,21211.0,6175.57,0.9954
San_Diego,MLP,log1p_mse,Q1_0_50,26247,1.0,70.0,16.21,1.2094
San_Diego,MLP,log1p_mse,Q2_50_75,13238,71.0,207.0,101.68,0.792
San_Diego,MLP,log1p_mse,Q3_75_90,7899,208.0,568.0,313.82,0.9228
San_Diego,MLP,log1p_mse,Q4_90_99,4748,569.0,3703.0,1246.87,0.9753
San_Diego,MLP,log1p_mse,Q5_99_100,527,3708.0,21211.0,6174.96,0.9953
Chicago,GNN,raw_mse,Q1_0_50,182657,1.0,15.0,15.97,4.0227
Chicago,GNN,raw_mse,Q2_50_75,94358,16.0,50.0,8.91,0.2624
Chicago,GNN,raw_mse,Q3_75_90,55411,51.0,141.0,61.21,0.6953
Chicago,GNN,raw_mse,Q4_90_99,33427,142.0,1006.0,297.32,0.9024
Chicago,GNN,raw_mse,Q5_99_100,3701,1007.0,58194.0,2139.8,0.9845
Chicago,GNN,log1p_mse,Q1_0_50,182657,1.0,15.0,10.63,2.8228
Chicago,GNN,log1p_mse,Q2_50_75,94358,16.0,50.0,11.66,0.3305
Chicago,GNN,log1p_mse,Q3_75_90,55411,51.0,141.0,65.84,0.7547
Chicago,GNN,log1p_mse,Q4_90_99,33427,142.0,1006.0,301.66,0.92
Chicago,GNN,log1p_mse,Q5_99_100,3701,1007.0,58194.0,2143.81,0.9869
Chicago,MLP,raw_mse,Q1_0_50,182657,1.0,15.0,16.21,4.0769
Chicago,MLP,raw_mse,Q2_50_75,94358,16.0,50.0,8.83,0.2618
Chicago,MLP,raw_mse,Q3_75_90,55411,51.0,141.0,60.97,0.6921
Chicago,MLP,raw_mse,Q4_90_99,33427,142.0,1006.0,297.07,0.9014
Chicago,MLP,raw_mse,Q5_99_100,3701,1007.0,58194.0,2139.55,0.9843
Chicago,MLP,log1p_mse,Q1_0_50,182657,1.0,15.0,10.36,2.7697
Chicago,MLP,log1p_mse,Q2_50_75,94358,16.0,50.0,11.94,0.3388
Chicago,MLP,log1p_mse,Q3_75_90,55411,51.0,141.0,66.29,0.7604
Chicago,MLP,log1p_mse,Q4_90_99,33427,142.0,1006.0,302.15,0.922
Chicago,MLP,log1p_mse,Q5_99_100,3701,1007.0,58194.0,2144.22,0.9872
