source_city,target_city,model,loss_mode,cpc_before,cpc_after,delta_cpc,mae_before,mae_after,delta_mae,mse_before,mse_after,delta_mse
Arlington,Seattle,GNN,raw_mse,0.0736,0.6139,0.5403,559.06,448.44,110.62,1848608.65,1160205.74,688402.91
Arlington,Charlotte,GNN,raw_mse,0.1119,0.6012,0.4893,323.87,273.68,50.19,717193.54,455036.47,262157.06
Arlington,San_Diego,GNN,raw_mse,0.1332,0.5024,0.3692,254.22,269.91,-15.69,663022.95,519570.64,143452.31
Arlington,Chicago,GNN,raw_mse,0.2898,0.4727,0.1829,67.77,77.89,-10.11,105456.41,95376.53,10079.88
Arlington,Seattle,GNN,log1p_mse,0.0771,0.6137,0.5366,558.01,448.7,109.31,1847307.1,1161264.39,686042.71
Arlington,Charlotte,GNN,log1p_mse,0.1173,0.601,0.4837,322.96,273.82,49.14,716439.01,455592.72,260846.29
Arlington,San_Diego,GNN,log1p_mse,0.1388,0.5021,0.3633,253.59,270.06,-16.47,662440.5,520006.21,142434.29
Arlington,Chicago,GNN,log1p_mse,0.2966,0.4723,0.1757,67.96,77.95,-9.98,105336.39,95435.71,9900.69
Arlington,Seattle,MLP,raw_mse,0.0736,0.6139,0.5403,559.04,448.44,110.6,1848587.69,1160207.16,688380.52
Arlington,Charlotte,MLP,raw_mse,0.112,0.6012,0.4892,323.85,273.68,50.17,717181.72,455040.85,262140.86
Arlington,San_Diego,MLP,raw_mse,0.1332,0.5024,0.3691,254.21,269.91,-15.7,663013.74,519573.97,143439.77
Arlington,Chicago,MLP,raw_mse,0.2899,0.4727,0.1828,67.78,77.89,-10.11,105454.46,95377.0,10077.45
Arlington,Seattle,MLP,log1p_mse,0.0761,0.6137,0.5376,558.31,448.64,109.66,1847680.14,1161027.53,686652.61
Arlington,Charlotte,MLP,log1p_mse,0.1158,0.601,0.4853,323.22,273.79,49.43,716653.62,455460.05,261193.57
Arlington,San_Diego,MLP,log1p_mse,0.1372,0.5021,0.3649,253.77,270.03,-16.26,662606.5,519909.09,142697.41
Arlington,Chicago,MLP,log1p_mse,0.2947,0.4724,0.1777,67.91,77.93,-10.02,105370.7,95421.77,9948.93
Seattle,Arlington,GNN,raw_mse,0.0545,0.6932,0.6387,790.09,498.77,291.32,2522659.76,1066598.95,1456060.81
Seattle,Charlotte,GNN,raw_mse,0.1117,0.6012,0.4895,323.9,273.67,50.23,717220.88,455014.22,262206.67
Seattle,San_Diego,GNN,raw_mse,0.133,0.5024,0.3694,254.24,269.9,-15.66,663044.14,519554.81,143489.33
Seattle,Chicago,GNN,raw_mse,0.2895,0.4727,0.1832,67.77,77.89,-10.12,105460.81,95374.41,10086.4
Seattle,Arlington,GNN,log1p_mse,0.0559,0.693,0.6371,789.47,498.98,290.49,2521677.31,1067487.3,1454190.01
Seattle,Charlotte,GNN,log1p_mse,0.1146,0.6011,0.4865,323.41,273.76,49.65,716816.75,455349.29,261467.46
Seattle,San_Diego,GNN,log1p_mse,0.136,0.5022,0.3662,253.9,270.0,-16.1,662732.8,519830.99,142901.81
Seattle,Chicago,GNN,log1p_mse,0.2932,0.4725,0.1792,67.87,77.92,-10.05,105396.89,95410.95,9985.94
Seattle,Arlington,MLP,raw_mse,0.0543,0.6932,0.6389,790.17,498.74,291.43,2522803.1,1066497.96,1456305.14
Seattle,Charlotte,MLP,raw_mse,0.1113,0.6012,0.4899,323.97,273.66,50.31,717279.09,454975.4,262303.69
Seattle,San_Diego,MLP,raw_mse,0.1325,0.5024,0.3699,254.29,269.89,-15.6,663089.27,519526.32,143562.95
Seattle,Chicago,MLP,raw_mse,0.289,0.4727,0.1837,67.76,77.88,-10.13,105470.3,95370.39,10099.91
Seattle,Arlington,MLP,log1p_mse,0.0561,0.693,0.637,789.43,498.99,290.43,2521604.72,1067547.07,1454057.66
Seattle,Charlotte,MLP,log1p_mse,0.1148,0.6011,0.4862,323.38,273.77,49.61,716787.1,455368.82,261418.29
Seattle,San_Diego,MLP,log1p_mse,0.1362,0.5022,0.366,253.88,270.0,-16.13,662709.82,519844.9,142864.92
Seattle,Chicago,MLP,log1p_mse,0.2935,0.4725,0.179,67.88,77.92,-10.05,105392.1,95412.95,9979.14
Charlotte,Arlington,GNN,raw_mse,0.0555,0.6931,0.6376,789.65,498.9,290.75,2521950.47,1067128.52,1454821.95
Charlotte,Seattle,GNN,raw_mse,0.0748,0.6138,0.5391,558.69,448.52,110.17,1848155.07,1160523.96,687631.12
Charlotte,San_Diego,GNN,raw_mse,0.1351,0.5023,0.3672,254.0,269.95,-15.95,662820.57,519702.79,143117.78
Charlotte,Chicago,GNN,raw_mse,0.2922,0.4726,0.1804,67.83,77.91,-10.07,105414.11,95395.22,10018.89
Charlotte,Arlington,GNN,log1p_mse,0.0576,0.6929,0.6353,788.78,499.17,289.61,2520550.91,1068261.02,1452289.89
Charlotte,Seattle,GNN,log1p_mse,0.0775,0.6137,0.5362,557.9,448.72,109.18,1847167.66,1161335.84,685831.81
Charlotte,San_Diego,GNN,log1p_mse,0.1394,0.5021,0.3627,253.53,270.07,-16.54,662378.65,520036.09,142342.56
Charlotte,Chicago,GNN,log1p_mse,0.2972,0.4723,0.175,67.98,77.95,-9.97,105323.55,95440.17,9883.38
Charlotte,Arlington,MLP,raw_mse,0.0551,0.6931,0.638,789.81,498.85,290.96,2522215.32,1066935.17,1455280.15
Charlotte,Seattle,MLP,raw_mse,0.0743,0.6139,0.5396,558.84,448.49,110.35,1848342.29,1160395.06,687947.23
Charlotte,San_Diego,MLP,raw_mse,0.1343,0.5023,0.368,254.09,269.94,-15.85,662904.05,519652.88,143251.17
Charlotte,Chicago,MLP,raw_mse,0.2912,0.4726,0.1814,67.81,77.9,-10.09,105431.57,95388.11,10043.46
Charlotte,Arlington,MLP,log1p_mse,0.0572,0.6929,0.6357,788.93,499.13,289.8,2520793.22,1068093.3,1452699.92
Charlotte,Seattle,MLP,log1p_mse,0.077,0.6137,0.5367,558.03,448.69,109.34,1847338.75,1161222.18,686116.58
Charlotte,San_Diego,MLP,log1p_mse,0.1386,0.5021,0.3634,253.61,270.06,-16.45,662454.83,519991.84,142462.99
Charlotte,Chicago,MLP,log1p_mse,0.2964,0.4723,0.1759,67.96,77.95,-9.99,105339.24,95433.95,9905.29
San_Diego,Arlington,GNN,raw_mse,0.0544,0.6932,0.6387,790.11,498.76,291.35,2522701.44,1066571.42,1456130.02
San_Diego,Seattle,GNN,raw_mse,0.0734,0.6139,0.5406,559.12,448.43,110.69,1848685.18,1160142.86,688542.32
San_Diego,Charlotte,GNN,raw_mse,0.1116,0.6012,0.4896,323.92,273.67,50.25,717237.49,455007.86,262229.63
San_Diego,Chicago,GNN,raw_mse,0.2894,0.4727,0.1833,67.77,77.89,-10.12,105463.64,95373.92,10089.71
San_Diego,Arlington,GNN,log1p_mse,0.0559,0.693,0.6371,789.49,498.97,290.52,2521712.58,1067454.98,1454257.6
San_Diego,Seattle,GNN,log1p_mse,0.0753,0.6138,0.5385,558.55,448.58,109.97,1847987.71,1160787.34,687200.37
San_Diego,Charlotte,GNN,log1p_mse,0.1145,0.6011,0.4866,323.43,273.76,49.67,716831.21,455337.16,261494.05
San_Diego,Chicago,GNN,log1p_mse,0.2931,0.4725,0.1794,67.86,77.92,-10.06,105399.12,95409.57,9989.55
San_Diego,Arlington,MLP,raw_mse,0.0545,0.6932,0.6386,790.07,498.77,291.29,2522628.59,1066622.84,1456005.75
San_Diego,Seattle,MLP,raw_mse,0.0735,0.6139,0.5404,559.08,448.44,110.64,1848634.17,1160177.93,688456.24
San_Diego,Charlotte,MLP,raw_mse,0.1118,0.6012,0.4894,323.88,273.67,50.21,717208.06,455027.79,262180.27
San_Diego,Chicago,MLP,raw_mse,0.2897,0.4727,0.183,67.77,77.89,-10.12,105458.86,95375.84,10083.02
San_Diego,Arlington,MLP,log1p_mse,0.056,0.693,0.637,789.46,498.98,290.47,2521651.63,1067498.79,1454152.84
San_Diego,Seattle,MLP,log1p_mse,0.0754,0.6138,0.5384,558.52,448.59,109.93,1847944.58,1160814.93,687129.65
San_Diego,Charlotte,MLP,log1p_mse,0.1147,0.6011,0.4864,323.4,273.76,49.64,716806.47,455352.29,261454.18
San_Diego,Chicago,MLP,log1p_mse,0.2933,0.4725,0.1791,67.87,77.92,-10.05,105395.11,95411.12,9983.99
Chicago,Arlington,GNN,raw_mse,0.0565,0.693,0.6365,789.25,499.09,290.15,2521299.12,1068022.4,1453276.72
Chicago,Seattle,GNN,raw_mse,0.076,0.6138,0.5377,558.32,448.61,109.72,1847686.77,1160905.2,686781.57
Chicago,Charlotte,GNN,raw_mse,0.1155,0.601,0.4855,323.26,273.81,49.45,716676.58,455370.7,261305.88
Chicago,San_Diego,GNN,raw_mse,0.137,0.5022,0.3652,253.78,269.98,-16.2,662614.4,519798.32,142816.09
Chicago,Arlington,GNN,log1p_mse,0.0439,0.7004,0.6565,794.56,487.06,307.5,2529149.11,1027049.91,1502099.2
Chicago,Seattle,GNN,log1p_mse,0.0617,0.6105,0.5489,562.57,452.37,110.2,1852898.74,1172411.02,680487.71
Chicago,Charlotte,GNN,log1p_mse,0.0911,0.5965,0.5054,327.41,276.93,50.48,720087.55,461409.08,258678.47
Chicago,San_Diego,GNN,log1p_mse,0.1108,0.506,0.3952,256.69,267.92,-11.23,665052.39,515299.45,149752.94
Chicago,Arlington,MLP,raw_mse,0.057,0.6929,0.6359,789.01,499.14,289.87,2520905.16,1068220.18,1452684.98
Chicago,Seattle,MLP,raw_mse,0.0768,0.6137,0.537,558.1,448.64,109.46,1847408.18,1161050.37,686357.81
Chicago,Charlotte,MLP,raw_mse,0.1166,0.601,0.4844,323.08,273.83,49.25,716517.23,455454.26,261062.97
Chicago,San_Diego,MLP,raw_mse,0.1382,0.5022,0.364,253.65,270.0,-16.35,662490.97,519855.38,142635.59
Chicago,Arlington,MLP,log1p_mse,0.0477,0.6938,0.646,792.94,497.78,295.17,2527116.65,1063438.48,1463678.18
Chicago,Seattle,MLP,log1p_mse,0.0626,0.6145,0.5519,562.3,447.81,114.49,1852403.79,1156443.1,695960.68
Chicago,Charlotte,MLP,log1p_mse,0.0946,0.5984,0.5038,326.8,275.57,51.23,719535.81,457691.95,261843.85
Chicago,San_Diego,MLP,log1p_mse,0.1131,0.5054,0.3923,256.44,268.24,-11.81,664850.21,516056.37,148793.84
