city,model,loss_mode,seed,final_loss,max_grad_norm,mean_grad_norm,grad_norm_std,has_nan_inf,n_clipped_epochs
Arlington,GNN,raw_mse,42,2045442.75,26226.38,14252.95,6572.18,False,40
Arlington,GNN,log1p_mse,42,8.7868,4.01,2.9,0.9,False,0
Arlington,MLP,raw_mse,42,2045425.75,26267.8,14295.17,6580.93,False,40
Arlington,MLP,log1p_mse,42,8.8559,3.95,2.83,0.88,False,0
Seattle,GNN,raw_mse,42,1790735.0,19287.15,10414.7,4801.63,False,40
Seattle,GNN,log1p_mse,42,6.9097,3.25,2.37,0.71,False,0
Seattle,MLP,raw_mse,42,1790827.625,19026.87,10321.41,4725.6,False,40
Seattle,MLP,log1p_mse,42,6.9014,3.25,2.37,0.72,False,0
Charlotte,GNN,raw_mse,42,631008.25,11226.07,6116.48,2753.55,False,40
Charlotte,GNN,log1p_mse,42,4.8127,2.73,2.16,0.56,False,0
Charlotte,MLP,raw_mse,42,631106.5,10941.48,5952.04,2677.28,False,40
Charlotte,MLP,log1p_mse,42,4.8332,2.71,2.14,0.56,False,0
San_Diego,GNN,raw_mse,42,658269.75,8468.68,4644.72,2070.4,False,40
San_Diego,GNN,log1p_mse,42,3.7652,1.75,1.39,0.35,False,0
San_Diego,MLP,raw_mse,42,658248.0625,8479.51,4649.67,2076.21,False,40
San_Diego,MLP,log1p_mse,42,3.7615,1.75,1.39,0.35,False,0
Chicago,GNN,raw_mse,42,118862.5547,7833.39,4423.83,1905.77,False,40
Chicago,GNN,log1p_mse,42,2.1001,3928.86,2860.86,768.06,False,40
Chicago,MLP,raw_mse,42,118838.6719,7342.53,4235.64,1701.33,False,40
Chicago,MLP,log1p_mse,42,2.1117,3943.1,2996.21,824.27,False,40
