source_city,feature_name,transform,mean,std,zero_variance_flag
Albuquerque,total_population,log1p_zscore,8.264999,0.437964,False
Albuquerque,median_age,linear_zscore,38.07913,6.771802,False
Albuquerque,median_income,log1p_zscore,10.766748,0.410908,False
Albuquerque,per_capita_income,log1p_zscore,10.166822,0.371957,False
Albuquerque,employment_rate,linear_zscore,91.338214,3.652917,False
Albuquerque,unemployment_rate,linear_zscore,8.313589,3.716367,False
Albuquerque,commute_transit_pct,linear_zscore,2.220157,2.001787,False
Albuquerque,commute_active_pct,linear_zscore,3.964146,5.615366,False
Albuquerque,commute_wfh_pct,linear_zscore,4.040001,2.658836,False
Albuquerque,zero_vehicle_pct,linear_zscore,1.339214,1.218476,False
Albuquerque,avg_vehicles_per_household,linear_zscore,1.707267,0.302127,False
Albuquerque,higher_education_pct,linear_zscore,30.536705,12.521746,False
Albuquerque,homeownership_rate,linear_zscore,60.079477,21.629905,False
Albuquerque,office,log1p_zscore,0.990269,1.001674,False
Albuquerque,office_density,log1p_zscore,0.48428,0.572385,False
Albuquerque,industrial,log1p_zscore,0.584047,0.849254,False
Albuquerque,industrial_density,log1p_zscore,0.24909,0.378222,False
Albuquerque,commercial,log1p_zscore,1.886669,1.110142,False
Albuquerque,commercial_density,log1p_zscore,1.102513,0.794656,False
Albuquerque,education_primary,log1p_zscore,0.811897,0.637008,False
Albuquerque,education_primary_density,log1p_zscore,0.37389,0.337872,False
Albuquerque,road_length_total,log1p_zscore,11.011582,0.426311,False
Albuquerque,road_density,log1p_zscore,0.0185,0.004751,False
Albuquerque,road_count,log1p_zscore,6.090952,0.402273,False
Albuquerque,motorway_length,log1p_zscore,2.651539,3.876977,False
Albuquerque,primary_length,log1p_zscore,5.29572,3.814699,False
Albuquerque,distance,log1p_zscore,2.289063,0.554143,False
Arlington,total_population,log1p_zscore,8.495197,0.3909,False
Arlington,median_age,linear_zscore,33.817647,6.758697,False
Arlington,median_income,log1p_zscore,10.852485,0.420922,False
Arlington,per_capita_income,log1p_zscore,10.089288,0.418326,False
Arlington,employment_rate,linear_zscore,90.410075,4.045302,False
Arlington,unemployment_rate,linear_zscore,9.483951,4.012607,False
Arlington,commute_transit_pct,linear_zscore,0.279141,0.595645,False
Arlington,commute_active_pct,linear_zscore,2.186377,5.148403,False
Arlington,commute_wfh_pct,linear_zscore,4.035944,2.554793,False
Arlington,zero_vehicle_pct,linear_zscore,0.705193,0.833642,False
Arlington,avg_vehicles_per_household,linear_zscore,1.796557,0.296934,False
Arlington,higher_education_pct,linear_zscore,33.977274,17.993948,False
Arlington,homeownership_rate,linear_zscore,57.401574,26.838062,False
Arlington,office,log1p_zscore,0.349689,0.538784,False
Arlington,office_density,log1p_zscore,0.134192,0.239387,False
Arlington,industrial,log1p_zscore,0.531757,0.690339,False
Arlington,industrial_density,log1p_zscore,0.167751,0.244813,False
Arlington,commercial,log1p_zscore,1.396778,0.813682,False
Arlington,commercial_density,log1p_zscore,0.660074,0.511083,False
Arlington,education_primary,log1p_zscore,0.773729,0.473355,False
Arlington,education_primary_density,log1p_zscore,0.258918,0.182958,False
Arlington,road_length_total,log1p_zscore,11.042815,0.5434,False
Arlington,road_density,log1p_zscore,0.0153,0.003622,False
Arlington,road_count,log1p_zscore,6.034779,0.529204,False
Arlington,motorway_length,log1p_zscore,4.487067,3.933784,False
Arlington,primary_length,log1p_zscore,4.166898,3.98753,False
Arlington,distance,log1p_zscore,2.091176,0.504048,False
Atlanta,total_population,log1p_zscore,7.90327,1.12137,False
Atlanta,median_age,linear_zscore,34.492857,6.014166,False
Atlanta,median_income,log1p_zscore,10.58917,0.673414,False
Atlanta,per_capita_income,log1p_zscore,10.136424,0.764259,False
Atlanta,employment_rate,linear_zscore,82.537881,16.063818,False
Atlanta,unemployment_rate,linear_zscore,14.979107,9.862683,False
Atlanta,commute_transit_pct,linear_zscore,12.951476,11.053346,False
Atlanta,commute_active_pct,linear_zscore,5.276475,8.292304,False
Atlanta,commute_wfh_pct,linear_zscore,6.332464,4.621143,False
Atlanta,zero_vehicle_pct,linear_zscore,2.657239,2.702942,False
Atlanta,avg_vehicles_per_household,linear_zscore,1.250364,0.51348,False
Atlanta,higher_education_pct,linear_zscore,39.52457,23.90201,False
Atlanta,homeownership_rate,linear_zscore,41.775393,21.543773,False
Atlanta,office,log1p_zscore,0.668377,0.847799,False
Atlanta,office_density,log1p_zscore,0.414458,0.676974,False
Atlanta,industrial,log1p_zscore,0.253899,0.440767,False
Atlanta,industrial_density,log1p_zscore,0.107205,0.225111,False
Atlanta,commercial,log1p_zscore,0.922808,0.658345,False
Atlanta,commercial_density,log1p_zscore,0.488145,0.523136,False
Atlanta,education_primary,log1p_zscore,0.719873,0.597896,False
Atlanta,education_primary_density,log1p_zscore,0.328872,0.345129,False
Atlanta,road_length_total,log1p_zscore,10.610387,0.692843,False
Atlanta,road_density,log1p_zscore,0.015228,0.004589,False
Atlanta,road_count,log1p_zscore,5.639332,0.550192,False
Atlanta,motorway_length,log1p_zscore,3.79045,4.251702,False
Atlanta,primary_length,log1p_zscore,3.71156,3.779741,False
Atlanta,distance,log1p_zscore,2.11536,0.523443,False
Austin,total_population,log1p_zscore,8.299621,0.557443,False
Austin,median_age,linear_zscore,33.514793,5.883229,False
Austin,median_income,log1p_zscore,10.856999,0.49843,False
Austin,per_capita_income,log1p_zscore,10.240432,0.576719,False
Austin,employment_rate,linear_zscore,91.719767,8.107177,False
Austin,unemployment_rate,linear_zscore,7.57079,4.040353,False
Austin,commute_transit_pct,linear_zscore,4.620474,4.529964,False
Austin,commute_active_pct,linear_zscore,4.875281,7.110154,False
Austin,commute_wfh_pct,linear_zscore,6.617506,4.395563,False
Austin,zero_vehicle_pct,linear_zscore,0.966199,1.281627,False
Austin,avg_vehicles_per_household,linear_zscore,1.677587,1.34799,False
Austin,higher_education_pct,linear_zscore,44.260157,20.547281,False
Austin,homeownership_rate,linear_zscore,44.859077,24.401033,False
Austin,office,log1p_zscore,0.480502,0.813346,False
Austin,office_density,log1p_zscore,0.266491,0.512519,False
Austin,industrial,log1p_zscore,0.195612,0.481504,False
Austin,industrial_density,log1p_zscore,0.073576,0.206136,False
Austin,commercial,log1p_zscore,0.783352,1.030659,False
Austin,commercial_density,log1p_zscore,0.467951,0.678131,False
Austin,education_primary,log1p_zscore,0.353203,0.528822,False
Austin,education_primary_density,log1p_zscore,0.169186,0.273477,False
Austin,road_length_total,log1p_zscore,4.943038,5.355683,False
Austin,road_density,log1p_zscore,0.007525,0.00918,False
Austin,road_count,log1p_zscore,2.660588,2.901136,False
Austin,motorway_length,log1p_zscore,2.350472,3.724608,False
Austin,primary_length,log1p_zscore,2.232774,3.503759,False
Austin,distance,log1p_zscore,2.47137,0.590341,False
Baltimore,total_population,log1p_zscore,7.907402,0.725956,False
Baltimore,median_age,linear_zscore,35.479,6.619446,False
Baltimore,median_income,log1p_zscore,10.5728,0.493655,False
Baltimore,per_capita_income,log1p_zscore,9.984304,0.483659,False
Baltimore,employment_rate,linear_zscore,83.498811,11.892509,False
Baltimore,unemployment_rate,linear_zscore,15.367359,8.598954,False
Baltimore,commute_transit_pct,linear_zscore,21.325992,14.687695,False
Baltimore,commute_active_pct,linear_zscore,7.353482,8.19551,False
Baltimore,commute_wfh_pct,linear_zscore,2.610636,2.591029,False
Baltimore,zero_vehicle_pct,linear_zscore,6.79103,5.07238,False
Baltimore,avg_vehicles_per_household,linear_zscore,1.021077,0.383763,False
Baltimore,higher_education_pct,linear_zscore,23.254592,17.66502,False
Baltimore,homeownership_rate,linear_zscore,47.109892,20.86841,False
Baltimore,office,log1p_zscore,0.755643,0.870391,False
Baltimore,office_density,log1p_zscore,0.655969,0.829621,False
Baltimore,industrial,log1p_zscore,0.333793,0.629963,False
Baltimore,industrial_density,log1p_zscore,0.228886,0.440042,False
Baltimore,commercial,log1p_zscore,1.029759,0.92882,False
Baltimore,commercial_density,log1p_zscore,0.890004,0.880006,False
Baltimore,education_primary,log1p_zscore,0.83397,0.589848,False
Baltimore,education_primary_density,log1p_zscore,0.723636,0.610622,False
Baltimore,road_length_total,log1p_zscore,9.952388,0.603422,False
Baltimore,road_density,log1p_zscore,0.017084,0.005379,False
Baltimore,road_count,log1p_zscore,5.134109,0.49517,False
Baltimore,motorway_length,log1p_zscore,1.833248,3.410627,False
Baltimore,primary_length,log1p_zscore,6.904884,2.658243,False
Baltimore,distance,log1p_zscore,1.900759,0.490259,False
Boston,total_population,log1p_zscore,7.759524,1.663417,False
Boston,median_age,linear_zscore,32.931461,6.363336,False
Boston,median_income,log1p_zscore,10.811641,0.521574,False
Boston,per_capita_income,log1p_zscore,10.272826,0.616359,False
Boston,employment_rate,linear_zscore,84.402495,20.076498,False
Boston,unemployment_rate,linear_zscore,11.031471,8.608219,False
Boston,commute_transit_pct,linear_zscore,32.171622,14.91532,False
Boston,commute_active_pct,linear_zscore,15.64182,17.087103,False
Boston,commute_wfh_pct,linear_zscore,3.501335,3.096408,False
Boston,zero_vehicle_pct,linear_zscore,4.882354,8.369782,False
Boston,avg_vehicles_per_household,linear_zscore,2.710075,24.359387,False
Boston,higher_education_pct,linear_zscore,36.580554,21.008864,False
Boston,homeownership_rate,linear_zscore,32.551505,21.179986,False
Boston,office,log1p_zscore,0.57177,0.762989,False
Boston,office_density,log1p_zscore,0.636297,0.974402,False
Boston,industrial,log1p_zscore,0.120684,0.414826,False
Boston,industrial_density,log1p_zscore,0.084729,0.271065,False
Boston,commercial,log1p_zscore,0.20339,0.401178,False
Boston,commercial_density,log1p_zscore,0.21098,0.49711,False
Boston,education_primary,log1p_zscore,0.667137,0.613851,False
Boston,education_primary_density,log1p_zscore,0.69932,0.694028,False
Boston,road_length_total,log1p_zscore,8.548246,3.117071,False
Boston,road_density,log1p_zscore,0.015947,0.008213,False
Boston,road_count,log1p_zscore,4.412826,1.716548,False
Boston,motorway_length,log1p_zscore,1.466223,3.001092,False
Boston,primary_length,log1p_zscore,4.937764,3.535338,False
Boston,distance,log1p_zscore,1.838321,0.513648,False
Charlotte,total_population,log1p_zscore,8.066992,1.135577,False
Charlotte,median_age,linear_zscore,34.632703,5.617117,False
Charlotte,median_income,log1p_zscore,10.837864,0.500599,False
Charlotte,per_capita_income,log1p_zscore,10.196466,0.56815,False
Charlotte,employment_rate,linear_zscore,86.179505,13.444401,False
Charlotte,unemployment_rate,linear_zscore,12.053842,7.764809,False
Charlotte,commute_transit_pct,linear_zscore,4.56516,5.174307,False
Charlotte,commute_active_pct,linear_zscore,2.547688,5.115374,False
Charlotte,commute_wfh_pct,linear_zscore,5.50722,4.181534,False
Charlotte,zero_vehicle_pct,linear_zscore,1.4146,1.698772,False
Charlotte,avg_vehicles_per_household,linear_zscore,1.582203,0.37782,False
Charlotte,higher_education_pct,linear_zscore,42.257656,24.452035,False
Charlotte,homeownership_rate,linear_zscore,53.83677,24.05623,False
Charlotte,office,log1p_zscore,0.382123,0.644425,False
Charlotte,office_density,log1p_zscore,0.165978,0.359125,False
Charlotte,industrial,log1p_zscore,0.504497,0.817517,False
Charlotte,industrial_density,log1p_zscore,0.167128,0.292746,False
Charlotte,commercial,log1p_zscore,1.262608,1.067368,False
Charlotte,commercial_density,log1p_zscore,0.580828,0.610248,False
Charlotte,education_primary,log1p_zscore,0.468079,0.548468,False
Charlotte,education_primary_density,log1p_zscore,0.162611,0.226817,False
Charlotte,road_length_total,log1p_zscore,8.49534,4.624236,False
Charlotte,road_density,log1p_zscore,0.01009,0.006327,False
Charlotte,road_count,log1p_zscore,4.575805,2.509231,False
Charlotte,motorway_length,log1p_zscore,2.469636,3.86239,False
Charlotte,primary_length,log1p_zscore,3.731219,4.019062,False
Charlotte,distance,log1p_zscore,2.575647,0.554865,False
Chicago,total_population,log1p_zscore,7.970267,0.72958,False
Chicago,median_age,linear_zscore,33.837051,5.938833,False
Chicago,median_income,log1p_zscore,10.662175,0.506261,False
Chicago,per_capita_income,log1p_zscore,10.027062,0.612619,False
Chicago,employment_rate,linear_zscore,83.398802,11.679413,False
Chicago,unemployment_rate,linear_zscore,16.173202,10.496082,False
Chicago,commute_transit_pct,linear_zscore,27.192015,12.667837,False
Chicago,commute_active_pct,linear_zscore,6.86589,8.469923,False
Chicago,commute_wfh_pct,linear_zscore,4.072238,3.313729,False
Chicago,zero_vehicle_pct,linear_zscore,4.593109,3.515053,False
Chicago,avg_vehicles_per_household,linear_zscore,1.121436,0.383806,False
Chicago,higher_education_pct,linear_zscore,31.814504,22.161393,False
Chicago,homeownership_rate,linear_zscore,44.513786,20.601273,False
Chicago,office,log1p_zscore,0.442624,0.626248,False
Chicago,office_density,log1p_zscore,0.420893,0.629636,False
Chicago,industrial,log1p_zscore,0.393636,0.659109,False
Chicago,industrial_density,log1p_zscore,0.325394,0.539172,False
Chicago,commercial,log1p_zscore,1.236831,1.023252,False
Chicago,commercial_density,log1p_zscore,1.227062,1.032551,False
Chicago,education_primary,log1p_zscore,0.737506,0.55661,False
Chicago,education_primary_density,log1p_zscore,0.708578,0.586504,False
Chicago,road_length_total,log1p_zscore,9.363347,1.522566,False
Chicago,road_density,log1p_zscore,0.014787,0.004587,False
Chicago,road_count,log1p_zscore,4.515171,0.897684,False
Chicago,motorway_length,log1p_zscore,1.434966,3.074488,False
Chicago,primary_length,log1p_zscore,1.632424,3.028656,False
Chicago,distance,log1p_zscore,2.428,0.615409,False
Colorado_Springs,total_population,log1p_zscore,8.318222,0.437157,False
Colorado_Springs,median_age,linear_zscore,36.41087,7.02422,False
Colorado_Springs,median_income,log1p_zscore,10.860331,0.402078,False
Colorado_Springs,per_capita_income,log1p_zscore,10.200696,0.321165,False
Colorado_Springs,employment_rate,linear_zscore,86.230018,8.332156,False
Colorado_Springs,unemployment_rate,linear_zscore,9.425448,4.398428,False
Colorado_Springs,commute_transit_pct,linear_zscore,1.028109,1.914522,False
Colorado_Springs,commute_active_pct,linear_zscore,3.8708,5.047865,False
Colorado_Springs,commute_wfh_pct,linear_zscore,5.180924,3.611371,False
Colorado_Springs,zero_vehicle_pct,linear_zscore,1.361737,1.518578,False
Colorado_Springs,avg_vehicles_per_household,linear_zscore,1.762101,0.274292,False
Colorado_Springs,higher_education_pct,linear_zscore,34.644904,15.892331,False
Colorado_Springs,homeownership_rate,linear_zscore,57.924918,18.922294,False
Colorado_Springs,office,log1p_zscore,1.034703,0.852541,False
Colorado_Springs,office_density,log1p_zscore,0.369456,0.372952,False
Colorado_Springs,industrial,log1p_zscore,0.245135,0.599841,False
Colorado_Springs,industrial_density,log1p_zscore,0.059335,0.176911,False
Colorado_Springs,commercial,log1p_zscore,1.042317,0.800867,False
Colorado_Springs,commercial_density,log1p_zscore,0.387293,0.366074,False
Colorado_Springs,education_primary,log1p_zscore,0.904993,0.518193,False
Colorado_Springs,education_primary_density,log1p_zscore,0.295755,0.222059,False
Colorado_Springs,road_length_total,log1p_zscore,11.193683,0.520719,False
Colorado_Springs,road_density,log1p_zscore,0.015538,0.004237,False
Colorado_Springs,road_count,log1p_zscore,6.188557,0.498013,False
Colorado_Springs,motorway_length,log1p_zscore,2.067016,3.590039,False
Colorado_Springs,primary_length,log1p_zscore,5.73286,3.812396,False
Colorado_Springs,distance,log1p_zscore,2.188161,0.505954,False
Columbus,total_population,log1p_zscore,8.083563,0.778789,False
Columbus,median_age,linear_zscore,34.074863,6.342279,False
Columbus,median_income,log1p_zscore,10.509067,0.518082,False
Columbus,per_capita_income,log1p_zscore,9.931771,0.513532,False
Columbus,employment_rate,linear_zscore,86.979693,11.17759,False
Columbus,unemployment_rate,linear_zscore,12.393351,9.211671,False
Columbus,commute_transit_pct,linear_zscore,5.170942,5.755778,False
Columbus,commute_active_pct,linear_zscore,4.375888,7.738045,False
Columbus,commute_wfh_pct,linear_zscore,3.176988,2.712485,False
Columbus,zero_vehicle_pct,linear_zscore,2.019998,2.268592,False
Columbus,avg_vehicles_per_household,linear_zscore,1.451116,0.336758,False
Columbus,higher_education_pct,linear_zscore,29.578829,20.48506,False
Columbus,homeownership_rate,linear_zscore,44.901154,21.947531,False
Columbus,office,log1p_zscore,0.523375,0.782889,False
Columbus,office_density,log1p_zscore,0.271303,0.483186,False
Columbus,industrial,log1p_zscore,0.481009,0.699017,False
Columbus,industrial_density,log1p_zscore,0.176365,0.270628,False
Columbus,commercial,log1p_zscore,1.150676,0.770243,False
Columbus,commercial_density,log1p_zscore,0.604549,0.492776,False
Columbus,education_primary,log1p_zscore,0.723785,0.597639,False
Columbus,education_primary_density,log1p_zscore,0.352278,0.337581,False
Columbus,road_length_total,log1p_zscore,9.311522,3.650409,False
Columbus,road_density,log1p_zscore,0.013278,0.006571,False
Columbus,road_count,log1p_zscore,4.910679,1.951195,False
Columbus,motorway_length,log1p_zscore,3.260348,4.19544,False
Columbus,primary_length,log1p_zscore,5.3767,3.866732,False
Columbus,distance,log1p_zscore,2.414368,0.544225,False
Dallas,total_population,log1p_zscore,8.26209,0.654913,False
Dallas,median_age,linear_zscore,33.714747,6.858754,False
Dallas,median_income,log1p_zscore,10.692526,0.522137,False
Dallas,per_capita_income,log1p_zscore,10.042076,0.660615,False
Dallas,employment_rate,linear_zscore,89.720541,7.221955,False
Dallas,unemployment_rate,linear_zscore,9.91932,5.798106,False
Dallas,commute_transit_pct,linear_zscore,3.528441,4.132708,False
Dallas,commute_active_pct,linear_zscore,1.900403,2.809301,False
Dallas,commute_wfh_pct,linear_zscore,4.044026,3.497675,False
Dallas,zero_vehicle_pct,linear_zscore,1.707117,2.196581,False
Dallas,avg_vehicles_per_household,linear_zscore,1.631022,0.629221,False
Dallas,higher_education_pct,linear_zscore,29.61416,22.935709,False
Dallas,homeownership_rate,linear_zscore,49.72364,25.615876,False
Dallas,office,log1p_zscore,0.400507,0.62909,False
Dallas,office_density,log1p_zscore,0.203873,0.386592,False
Dallas,industrial,log1p_zscore,0.254709,0.634758,False
Dallas,industrial_density,log1p_zscore,0.086839,0.235921,False
Dallas,commercial,log1p_zscore,1.187213,0.998684,False
Dallas,commercial_density,log1p_zscore,0.683228,0.700804,False
Dallas,education_primary,log1p_zscore,0.546016,0.568764,False
Dallas,education_primary_density,log1p_zscore,0.236734,0.286524,False
Dallas,road_length_total,log1p_zscore,8.214872,4.65098,False
Dallas,road_density,log1p_zscore,0.012349,0.00841,False
Dallas,road_count,log1p_zscore,4.437103,2.545959,False
Dallas,motorway_length,log1p_zscore,3.248301,4.125113,False
Dallas,primary_length,log1p_zscore,2.4588,3.610794,False
Dallas,distance,log1p_zscore,3.086876,0.797609,False
Denver,total_population,log1p_zscore,8.232837,0.811083,False
Denver,median_age,linear_zscore,34.713889,6.618184,False
Denver,median_income,log1p_zscore,10.826685,0.412849,False
Denver,per_capita_income,log1p_zscore,10.298626,0.549959,False
Denver,employment_rate,linear_zscore,90.243601,8.819637,False
Denver,unemployment_rate,linear_zscore,8.944833,4.650109,False
Denver,commute_transit_pct,linear_zscore,7.391652,4.703658,False
Denver,commute_active_pct,linear_zscore,6.709819,7.852925,False
Denver,commute_wfh_pct,linear_zscore,6.090799,3.892274,False
Denver,zero_vehicle_pct,linear_zscore,1.833535,1.7181,False
Denver,avg_vehicles_per_household,linear_zscore,1.908415,4.278281,False
Denver,higher_education_pct,linear_zscore,41.251696,23.87492,False
Denver,homeownership_rate,linear_zscore,51.210113,22.066287,False
Denver,office,log1p_zscore,0.802775,1.086131,False
Denver,office_density,log1p_zscore,0.505893,0.809892,False
Denver,industrial,log1p_zscore,0.150298,0.469123,False
Denver,industrial_density,log1p_zscore,0.065123,0.199852,False
Denver,commercial,log1p_zscore,0.814312,0.871873,False
Denver,commercial_density,log1p_zscore,0.456837,0.554011,False
Denver,education_primary,log1p_zscore,0.777082,0.678012,False
Denver,education_primary_density,log1p_zscore,0.397925,0.390148,False
Denver,road_length_total,log1p_zscore,8.468011,4.462134,False
Denver,road_density,log1p_zscore,0.014445,0.008534,False
Denver,road_count,log1p_zscore,4.512691,2.404703,False
Denver,motorway_length,log1p_zscore,2.239258,3.72997,False
Denver,primary_length,log1p_zscore,4.861488,3.748407,False
Denver,distance,log1p_zscore,2.223888,0.565108,False
Detroit,total_population,log1p_zscore,7.562888,1.038833,False
Detroit,median_age,linear_zscore,35.832997,6.954217,False
Detroit,median_income,log1p_zscore,10.131543,0.363836,False
Detroit,per_capita_income,log1p_zscore,9.541068,0.338783,False
Detroit,employment_rate,linear_zscore,69.276474,13.479041,False
Detroit,unemployment_rate,linear_zscore,29.351101,11.328167,False
Detroit,commute_transit_pct,linear_zscore,9.791004,7.898516,False
Detroit,commute_active_pct,linear_zscore,3.963996,6.843863,False
Detroit,commute_wfh_pct,linear_zscore,3.562163,4.094474,False
Detroit,zero_vehicle_pct,linear_zscore,6.29997,4.760677,False
Detroit,avg_vehicles_per_household,linear_zscore,1.42205,4.280659,False
Detroit,higher_education_pct,linear_zscore,11.95223,8.580212,False
Detroit,homeownership_rate,linear_zscore,50.314949,18.906364,False
Detroit,office,log1p_zscore,0.295165,0.596677,False
Detroit,office_density,log1p_zscore,0.194977,0.42308,False
Detroit,industrial,log1p_zscore,0.681593,1.081723,False
Detroit,industrial_density,log1p_zscore,0.465013,0.769166,False
Detroit,commercial,log1p_zscore,1.874406,1.175421,False
Detroit,commercial_density,log1p_zscore,1.403594,0.920675,False
Detroit,education_primary,log1p_zscore,0.536206,0.56415,False
Detroit,education_primary_density,log1p_zscore,0.330735,0.372279,False
Detroit,road_length_total,log1p_zscore,8.412728,4.20403,False
Detroit,road_density,log1p_zscore,0.014757,0.008376,False
Detroit,road_count,log1p_zscore,4.42837,2.229594,False
Detroit,motorway_length,log1p_zscore,2.959299,3.82202,False
Detroit,primary_length,log1p_zscore,2.584349,3.613399,False
Detroit,distance,log1p_zscore,2.326144,0.556162,False
El_Paso,total_population,log1p_zscore,8.376693,0.865691,False
El_Paso,median_age,linear_zscore,33.946094,5.563748,False
El_Paso,median_income,log1p_zscore,10.522556,0.488959,False
El_Paso,per_capita_income,log1p_zscore,9.746277,0.419224,False
El_Paso,employment_rate,linear_zscore,87.307818,9.988977,False
El_Paso,unemployment_rate,linear_zscore,8.863242,4.438728,False
El_Paso,commute_transit_pct,linear_zscore,3.25633,5.230738,False
El_Paso,commute_active_pct,linear_zscore,2.808795,4.533917,False
El_Paso,commute_wfh_pct,linear_zscore,2.751796,2.557732,False
El_Paso,zero_vehicle_pct,linear_zscore,2.492961,2.567929,False
El_Paso,avg_vehicles_per_household,linear_zscore,1.698663,0.397562,False
El_Paso,higher_education_pct,linear_zscore,25.151651,16.729727,False
El_Paso,homeownership_rate,linear_zscore,57.085815,21.219196,False
El_Paso,office,log1p_zscore,0.415266,0.660057,False
El_Paso,office_density,log1p_zscore,0.181508,0.402659,False
El_Paso,industrial,log1p_zscore,0.19578,0.479106,False
El_Paso,industrial_density,log1p_zscore,0.041478,0.109513,False
El_Paso,commercial,log1p_zscore,0.511104,0.67069,False
El_Paso,commercial_density,log1p_zscore,0.209198,0.308936,False
El_Paso,education_primary,log1p_zscore,0.891274,0.520247,False
El_Paso,education_primary_density,log1p_zscore,0.376935,0.32097,False
El_Paso,road_length_total,log1p_zscore,11.076897,0.437233,False
El_Paso,road_density,log1p_zscore,0.017233,0.006125,False
El_Paso,road_count,log1p_zscore,6.099589,0.388536,False
El_Paso,motorway_length,log1p_zscore,5.033094,4.092099,False
El_Paso,primary_length,log1p_zscore,3.672443,4.005196,False
El_Paso,distance,log1p_zscore,2.53925,0.607993,False
Fort_Worth,total_population,log1p_zscore,8.39394,0.489437,False
Fort_Worth,median_age,linear_zscore,32.735252,5.599433,False
Fort_Worth,median_income,log1p_zscore,10.637822,0.464483,False
Fort_Worth,per_capita_income,log1p_zscore,9.920651,0.531786,False
Fort_Worth,employment_rate,linear_zscore,88.920951,6.215612,False
Fort_Worth,unemployment_rate,linear_zscore,10.806903,6.23271,False
Fort_Worth,commute_transit_pct,linear_zscore,1.461702,1.860318,False
Fort_Worth,commute_active_pct,linear_zscore,1.700877,2.451615,False
Fort_Worth,commute_wfh_pct,linear_zscore,3.228349,2.661958,False
Fort_Worth,zero_vehicle_pct,linear_zscore,1.838597,2.065872,False
Fort_Worth,avg_vehicles_per_household,linear_zscore,1.673272,0.288946,False
Fort_Worth,higher_education_pct,linear_zscore,26.205783,19.507796,False
Fort_Worth,homeownership_rate,linear_zscore,55.411434,21.658598,False
Fort_Worth,office,log1p_zscore,0.66905,0.71918,False
Fort_Worth,office_density,log1p_zscore,0.242192,0.340034,False
Fort_Worth,industrial,log1p_zscore,0.61784,0.907176,False
Fort_Worth,industrial_density,log1p_zscore,0.167153,0.267144,False
Fort_Worth,commercial,log1p_zscore,1.590124,0.864598,False
Fort_Worth,commercial_density,log1p_zscore,0.693076,0.554899,False
Fort_Worth,education_primary,log1p_zscore,0.856414,0.590262,False
Fort_Worth,education_primary_density,log1p_zscore,0.28642,0.262465,False
Fort_Worth,road_length_total,log1p_zscore,11.257523,0.544542,False
Fort_Worth,road_density,log1p_zscore,0.016067,0.005428,False
Fort_Worth,road_count,log1p_zscore,6.217354,0.515736,False
Fort_Worth,motorway_length,log1p_zscore,5.632238,4.133683,False
Fort_Worth,primary_length,log1p_zscore,3.421797,3.89258,False
Fort_Worth,distance,log1p_zscore,2.519814,0.579336,False
Fresno,total_population,log1p_zscore,8.398159,0.338351,False
Fresno,median_age,linear_zscore,31.654,7.168423,False
Fresno,median_income,log1p_zscore,10.569816,0.495519,False
Fresno,per_capita_income,log1p_zscore,9.733601,0.538589,False
Fresno,employment_rate,linear_zscore,83.807447,6.806686,False
Fresno,unemployment_rate,linear_zscore,16.069333,6.843341,False
Fresno,commute_transit_pct,linear_zscore,2.315723,2.644509,False
Fresno,commute_active_pct,linear_zscore,3.514909,4.296163,False
Fresno,commute_wfh_pct,linear_zscore,3.844339,2.893898,False
Fresno,zero_vehicle_pct,linear_zscore,1.521027,1.403635,False
Fresno,avg_vehicles_per_household,linear_zscore,1.63617,0.461236,False
Fresno,higher_education_pct,linear_zscore,22.952615,16.011974,False
Fresno,homeownership_rate,linear_zscore,45.849573,20.685834,False
Fresno,office,log1p_zscore,0.6345,0.950493,False
Fresno,office_density,log1p_zscore,0.312871,0.555324,False
Fresno,industrial,log1p_zscore,1.229939,1.380762,False
Fresno,industrial_density,log1p_zscore,0.663971,0.817681,False
Fresno,commercial,log1p_zscore,3.030475,1.177621,False
Fresno,commercial_density,log1p_zscore,1.997616,1.047838,False
Fresno,education_primary,log1p_zscore,1.059161,0.592304,False
Fresno,education_primary_density,log1p_zscore,0.500578,0.374725,False
Fresno,road_length_total,log1p_zscore,10.96051,0.440229,False
Fresno,road_density,log1p_zscore,0.017552,0.004326,False
Fresno,road_count,log1p_zscore,5.895341,0.430455,False
Fresno,motorway_length,log1p_zscore,2.733204,4.114952,False
Fresno,primary_length,log1p_zscore,5.17545,3.946431,False
Fresno,distance,log1p_zscore,2.124934,0.513118,False
Houston,total_population,log1p_zscore,8.323328,0.5317,False
Houston,median_age,linear_zscore,33.990281,6.180448,False
Houston,median_income,log1p_zscore,10.710617,0.525603,False
Houston,per_capita_income,log1p_zscore,10.044445,0.648871,False
Houston,employment_rate,linear_zscore,90.13224,5.852939,False
Houston,unemployment_rate,linear_zscore,9.816203,5.860962,False
Houston,commute_transit_pct,linear_zscore,4.794745,4.833797,False
Houston,commute_active_pct,linear_zscore,2.858787,4.452805,False
Houston,commute_wfh_pct,linear_zscore,3.333984,2.799214,False
Houston,zero_vehicle_pct,linear_zscore,1.666647,2.20686,False
Houston,avg_vehicles_per_household,linear_zscore,2.452017,16.297388,False
Houston,higher_education_pct,linear_zscore,30.24712,22.258206,False
Houston,homeownership_rate,linear_zscore,47.437107,25.024624,False
Houston,office,log1p_zscore,0.316579,0.561584,False
Houston,office_density,log1p_zscore,0.171173,0.354,False
Houston,industrial,log1p_zscore,0.248578,0.58429,False
Houston,industrial_density,log1p_zscore,0.100971,0.26111,False
Houston,commercial,log1p_zscore,0.623228,0.886066,False
Houston,commercial_density,log1p_zscore,0.379213,0.612899,False
Houston,education_primary,log1p_zscore,0.389815,0.521158,False
Houston,education_primary_density,log1p_zscore,0.188515,0.275821,False
Houston,road_length_total,log1p_zscore,6.664366,5.216614,False
Houston,road_density,log1p_zscore,0.010401,0.009448,False
Houston,road_count,log1p_zscore,3.589872,2.83311,False
Houston,motorway_length,log1p_zscore,2.735495,3.852668,False
Houston,primary_length,log1p_zscore,2.110914,3.412429,False
Houston,distance,log1p_zscore,2.844125,0.609402,False
Indianapolis,total_population,log1p_zscore,8.173152,0.49026,False
Indianapolis,median_age,linear_zscore,35.101478,5.906459,False
Indianapolis,median_income,log1p_zscore,10.558906,0.441409,False
Indianapolis,per_capita_income,log1p_zscore,9.950231,0.443868,False
Indianapolis,employment_rate,linear_zscore,85.837952,8.225709,False
Indianapolis,unemployment_rate,linear_zscore,14.082943,8.249977,False
Indianapolis,commute_transit_pct,linear_zscore,2.932757,3.562256,False
Indianapolis,commute_active_pct,linear_zscore,3.082809,4.72759,False
Indianapolis,commute_wfh_pct,linear_zscore,2.660354,2.309033,False
Indianapolis,zero_vehicle_pct,linear_zscore,2.196491,2.425212,False
Indianapolis,avg_vehicles_per_household,linear_zscore,1.538152,0.313584,False
Indianapolis,higher_education_pct,linear_zscore,27.103061,18.402692,False
Indianapolis,homeownership_rate,linear_zscore,53.443192,21.853495,False
Indianapolis,office,log1p_zscore,0.620791,0.73783,False
Indianapolis,office_density,log1p_zscore,0.268317,0.387249,False
Indianapolis,industrial,log1p_zscore,0.320659,0.615245,False
Indianapolis,industrial_density,log1p_zscore,0.100707,0.209638,False
Indianapolis,commercial,log1p_zscore,0.797483,0.898526,False
Indianapolis,commercial_density,log1p_zscore,0.330635,0.465107,False
Indianapolis,education_primary,log1p_zscore,0.629546,0.621936,False
Indianapolis,education_primary_density,log1p_zscore,0.218929,0.251449,False
Indianapolis,road_length_total,log1p_zscore,9.69267,3.661747,False
Indianapolis,road_density,log1p_zscore,0.012548,0.006021,False
Indianapolis,road_count,log1p_zscore,5.200619,1.983899,False
Indianapolis,motorway_length,log1p_zscore,3.35526,4.156356,False
Indianapolis,primary_length,log1p_zscore,6.089604,3.612835,False
Indianapolis,distance,log1p_zscore,2.531716,0.539438,False
Jacksonville,total_population,log1p_zscore,8.426321,0.469764,False
Jacksonville,median_age,linear_zscore,36.56319,5.635372,False
Jacksonville,median_income,log1p_zscore,10.683566,0.402848,False
Jacksonville,per_capita_income,log1p_zscore,10.032446,0.400495,False
Jacksonville,employment_rate,linear_zscore,84.413497,10.909144,False
Jacksonville,unemployment_rate,linear_zscore,13.14206,7.394225,False
Jacksonville,commute_transit_pct,linear_zscore,2.760344,3.701602,False
Jacksonville,commute_active_pct,linear_zscore,2.211081,2.300822,False
Jacksonville,commute_wfh_pct,linear_zscore,4.320473,7.328707,False
Jacksonville,zero_vehicle_pct,linear_zscore,2.392972,2.542906,False
Jacksonville,avg_vehicles_per_household,linear_zscore,1.568838,0.326038,False
Jacksonville,higher_education_pct,linear_zscore,28.879182,15.285998,False
Jacksonville,homeownership_rate,linear_zscore,60.280118,19.326534,False
Jacksonville,office,log1p_zscore,0.346293,0.673024,False
Jacksonville,office_density,log1p_zscore,0.108561,0.29686,False
Jacksonville,industrial,log1p_zscore,1.064678,1.253986,False
Jacksonville,industrial_density,log1p_zscore,0.448111,0.65497,False
Jacksonville,commercial,log1p_zscore,1.927506,1.415066,False
Jacksonville,commercial_density,log1p_zscore,0.962245,0.893752,False
Jacksonville,education_primary,log1p_zscore,0.63683,0.593448,False
Jacksonville,education_primary_density,log1p_zscore,0.199345,0.232937,False
Jacksonville,road_length_total,log1p_zscore,8.541387,4.809399,False
Jacksonville,road_density,log1p_zscore,0.0107,0.008348,False
Jacksonville,road_count,log1p_zscore,4.713356,2.671533,False
Jacksonville,motorway_length,log1p_zscore,3.376901,4.25616,False
Jacksonville,primary_length,log1p_zscore,4.349428,4.064941,False
Jacksonville,distance,log1p_zscore,2.705609,0.550864,False
Kansas_City,total_population,log1p_zscore,7.774437,1.235627,False
Kansas_City,median_age,linear_zscore,35.6875,6.105904,False
Kansas_City,median_income,log1p_zscore,10.578183,0.511188,False
Kansas_City,per_capita_income,log1p_zscore,10.023982,0.508168,False
Kansas_City,employment_rate,linear_zscore,86.139347,14.825531,False
Kansas_City,unemployment_rate,linear_zscore,11.686731,8.106472,False
Kansas_City,commute_transit_pct,linear_zscore,5.431667,7.166703,False
Kansas_City,commute_active_pct,linear_zscore,2.826037,4.077194,False
Kansas_City,commute_wfh_pct,linear_zscore,3.823148,3.133178,False
Kansas_City,zero_vehicle_pct,linear_zscore,2.663054,3.183936,False
Kansas_City,avg_vehicles_per_household,linear_zscore,1.414957,0.401563,False
Kansas_City,higher_education_pct,linear_zscore,26.666441,18.858525,False
Kansas_City,homeownership_rate,linear_zscore,52.339138,21.921739,False
Kansas_City,office,log1p_zscore,0.793103,0.845124,False
Kansas_City,office_density,log1p_zscore,0.383736,0.614886,False
Kansas_City,industrial,log1p_zscore,0.608699,0.966067,False
Kansas_City,industrial_density,log1p_zscore,0.240077,0.475608,False
Kansas_City,commercial,log1p_zscore,2.018018,0.961196,False
Kansas_City,commercial_density,log1p_zscore,1.134687,0.867473,False
Kansas_City,education_primary,log1p_zscore,0.791456,0.580207,False
Kansas_City,education_primary_density,log1p_zscore,0.295078,0.298076,False
Kansas_City,road_length_total,log1p_zscore,11.044772,0.628789,False
Kansas_City,road_density,log1p_zscore,0.014988,0.005484,False
Kansas_City,road_count,log1p_zscore,5.971827,0.502248,False
Kansas_City,motorway_length,log1p_zscore,4.894339,4.416418,False
Kansas_City,primary_length,log1p_zscore,3.499483,3.856745,False
Kansas_City,distance,log1p_zscore,2.502938,0.684785,False
Las_Vegas,total_population,log1p_zscore,8.232682,0.368575,False
Las_Vegas,median_age,linear_zscore,38.05,9.414825,False
Las_Vegas,median_income,log1p_zscore,10.758303,0.449328,False
Las_Vegas,per_capita_income,log1p_zscore,10.047491,0.451694,False
Las_Vegas,employment_rate,linear_zscore,84.827237,6.607852,False
Las_Vegas,unemployment_rate,linear_zscore,14.588139,6.757236,False
Las_Vegas,commute_transit_pct,linear_zscore,4.68875,5.408921,False
Las_Vegas,commute_active_pct,linear_zscore,2.974826,5.401495,False
Las_Vegas,commute_wfh_pct,linear_zscore,2.999989,2.706884,False
Las_Vegas,zero_vehicle_pct,linear_zscore,1.436229,1.772747,False
Las_Vegas,avg_vehicles_per_household,linear_zscore,1.608397,0.390085,False
Las_Vegas,higher_education_pct,linear_zscore,23.818311,13.916221,False
Las_Vegas,homeownership_rate,linear_zscore,53.00732,22.464658,False
Las_Vegas,office,log1p_zscore,0.458941,0.689615,False
Las_Vegas,office_density,log1p_zscore,0.252962,0.418699,False
Las_Vegas,industrial,log1p_zscore,0.171701,0.408102,False
Las_Vegas,industrial_density,log1p_zscore,0.07527,0.180473,False
Las_Vegas,commercial,log1p_zscore,0.997945,0.667666,False
Las_Vegas,commercial_density,log1p_zscore,0.575141,0.414967,False
Las_Vegas,education_primary,log1p_zscore,0.596813,0.54594,False
Las_Vegas,education_primary_density,log1p_zscore,0.310611,0.308846,False
Las_Vegas,road_length_total,log1p_zscore,10.261614,2.037368,False
Las_Vegas,road_density,log1p_zscore,0.017031,0.005451,False
Las_Vegas,road_count,log1p_zscore,5.502462,1.160578,False
Las_Vegas,motorway_length,log1p_zscore,3.580388,4.080465,False
Las_Vegas,primary_length,log1p_zscore,6.792258,2.842832,False
Las_Vegas,distance,log1p_zscore,2.286636,0.579604,False
Long_Beach,total_population,log1p_zscore,8.0287,1.416636,False
Long_Beach,median_age,linear_zscore,34.535922,7.741025,False
Long_Beach,median_income,log1p_zscore,10.806027,0.45765,False
Long_Beach,per_capita_income,log1p_zscore,9.988749,0.566679,False
Long_Beach,employment_rate,linear_zscore,83.988068,16.046599,False
Long_Beach,unemployment_rate,linear_zscore,12.916691,7.132459,False
Long_Beach,commute_transit_pct,linear_zscore,7.963144,6.742887,False
Long_Beach,commute_active_pct,linear_zscore,5.522509,10.081326,False
Long_Beach,commute_wfh_pct,linear_zscore,4.925637,5.540013,False
Long_Beach,zero_vehicle_pct,linear_zscore,1.147898,1.194557,False
Long_Beach,avg_vehicles_per_household,linear_zscore,4.373726,28.162466,False
Long_Beach,higher_education_pct,linear_zscore,28.079527,17.280094,False
Long_Beach,homeownership_rate,linear_zscore,39.796458,27.549867,False
Long_Beach,office,log1p_zscore,1.169631,0.949165,False
Long_Beach,office_density,log1p_zscore,1.040112,0.870313,False
Long_Beach,industrial,log1p_zscore,0.191859,0.423091,False
Long_Beach,industrial_density,log1p_zscore,0.11262,0.251005,False
Long_Beach,commercial,log1p_zscore,0.53091,0.662033,False
Long_Beach,commercial_density,log1p_zscore,0.394202,0.526795,False
Long_Beach,education_primary,log1p_zscore,0.564174,0.51946,False
Long_Beach,education_primary_density,log1p_zscore,0.436622,0.426606,False
Long_Beach,road_length_total,log1p_zscore,10.048283,0.710094,False
Long_Beach,road_density,log1p_zscore,0.019844,0.005516,False
Long_Beach,road_count,log1p_zscore,5.091952,0.675784,False
Long_Beach,motorway_length,log1p_zscore,2.58384,3.887833,False
Long_Beach,primary_length,log1p_zscore,4.778631,3.610587,False
Long_Beach,distance,log1p_zscore,1.857654,0.520136,False
Los_Angeles,total_population,log1p_zscore,8.142421,0.760074,False
Los_Angeles,median_age,linear_zscore,35.04713,6.515452,False
Los_Angeles,median_income,log1p_zscore,10.76785,0.607177,False
Los_Angeles,per_capita_income,log1p_zscore,10.023508,0.717776,False
Los_Angeles,employment_rate,linear_zscore,87.074304,8.727642,False
Los_Angeles,unemployment_rate,linear_zscore,12.244606,5.556788,False
Los_Angeles,commute_transit_pct,linear_zscore,11.477345,11.32905,False
Los_Angeles,commute_active_pct,linear_zscore,4.994912,7.711204,False
Los_Angeles,commute_wfh_pct,linear_zscore,5.561518,5.414264,False
Los_Angeles,zero_vehicle_pct,linear_zscore,1.349006,1.471432,False
Los_Angeles,avg_vehicles_per_household,linear_zscore,2.870017,20.787952,False
Los_Angeles,higher_education_pct,linear_zscore,36.974049,30.753426,False
Los_Angeles,homeownership_rate,linear_zscore,37.751766,26.350084,False
Los_Angeles,office,log1p_zscore,0.779724,0.824657,False
Los_Angeles,office_density,log1p_zscore,0.777716,0.899998,False
Los_Angeles,industrial,log1p_zscore,0.276348,0.543529,False
Los_Angeles,industrial_density,log1p_zscore,0.199958,0.407708,False
Los_Angeles,commercial,log1p_zscore,0.55712,0.734944,False
Los_Angeles,commercial_density,log1p_zscore,0.551224,0.815631,False
Los_Angeles,education_primary,log1p_zscore,0.524202,0.552015,False
Los_Angeles,education_primary_density,log1p_zscore,0.487631,0.562754,False
Los_Angeles,road_length_total,log1p_zscore,8.832648,3.18916,False
Los_Angeles,road_density,log1p_zscore,0.01765,0.007979,False
Los_Angeles,road_count,log1p_zscore,4.38124,1.66027,False
Los_Angeles,motorway_length,log1p_zscore,2.358945,3.63231,False
Los_Angeles,primary_length,log1p_zscore,4.788239,3.654906,False
Los_Angeles,distance,log1p_zscore,2.725471,0.661987,False
Louisville,total_population,log1p_zscore,7.99509,0.37456,False
Louisville,median_age,linear_zscore,36.484,5.913443,False
Louisville,median_income,log1p_zscore,10.346427,0.46667,False
Louisville,per_capita_income,log1p_zscore,9.851066,0.526213,False
Louisville,employment_rate,linear_zscore,84.416533,9.279715,False
Louisville,unemployment_rate,linear_zscore,15.431349,9.314813,False
Louisville,commute_transit_pct,linear_zscore,9.270247,9.032594,False
Louisville,commute_active_pct,linear_zscore,5.238737,5.536584,False
Louisville,commute_wfh_pct,linear_zscore,2.862123,2.404081,False
Louisville,zero_vehicle_pct,linear_zscore,3.159423,2.713001,False
Louisville,avg_vehicles_per_household,linear_zscore,1.263019,0.342906,False
Louisville,higher_education_pct,linear_zscore,21.510004,16.002338,False
Louisville,homeownership_rate,linear_zscore,47.056191,20.829174,False
Louisville,office,log1p_zscore,0.494932,0.837073,False
Louisville,office_density,log1p_zscore,0.257337,0.468298,False
Louisville,industrial,log1p_zscore,0.137769,0.396849,False
Louisville,industrial_density,log1p_zscore,0.04532,0.127733,False
Louisville,commercial,log1p_zscore,0.31003,0.481853,False
Louisville,commercial_density,log1p_zscore,0.13989,0.247804,False
Louisville,education_primary,log1p_zscore,0.774258,0.586224,False
Louisville,education_primary_density,log1p_zscore,0.409609,0.394244,False
Louisville,road_length_total,log1p_zscore,10.673503,0.521483,False
Louisville,road_density,log1p_zscore,0.016885,0.004495,False
Louisville,road_count,log1p_zscore,5.704653,0.438163,False
Louisville,motorway_length,log1p_zscore,3.907684,4.231656,False
Louisville,primary_length,log1p_zscore,6.289051,3.418323,False
Louisville,distance,log1p_zscore,1.923762,0.492246,False
Memphis,total_population,log1p_zscore,8.009513,1.059283,False
Memphis,median_age,linear_zscore,34.59711,6.38684,False
Memphis,median_income,log1p_zscore,10.414524,0.478687,False
Memphis,per_capita_income,log1p_zscore,9.790833,0.533807,False
Memphis,employment_rate,linear_zscore,81.766631,15.542235,False
Memphis,unemployment_rate,linear_zscore,15.858538,9.439228,False
Memphis,commute_transit_pct,linear_zscore,3.680842,4.505714,False
Memphis,commute_active_pct,linear_zscore,2.672492,4.707002,False
Memphis,commute_wfh_pct,linear_zscore,2.197065,2.289876,False
Memphis,zero_vehicle_pct,linear_zscore,2.956173,3.457369,False
Memphis,avg_vehicles_per_household,linear_zscore,1.366729,0.425604,False
Memphis,higher_education_pct,linear_zscore,21.784453,17.492914,False
Memphis,homeownership_rate,linear_zscore,47.661366,21.280047,False
Memphis,office,log1p_zscore,0.238724,0.495852,False
Memphis,office_density,log1p_zscore,0.087376,0.228234,False
Memphis,industrial,log1p_zscore,0.300812,0.736358,False
Memphis,industrial_density,log1p_zscore,0.081148,0.202123,False
Memphis,commercial,log1p_zscore,0.243973,0.505828,False
Memphis,commercial_density,log1p_zscore,0.086351,0.226891,False
Memphis,education_primary,log1p_zscore,0.839117,0.627144,False
Memphis,education_primary_density,log1p_zscore,0.340827,0.343081,False
Memphis,road_length_total,log1p_zscore,10.098997,3.033794,False
Memphis,road_density,log1p_zscore,0.013177,0.006164,False
Memphis,road_count,log1p_zscore,5.393804,1.656705,False
Memphis,motorway_length,log1p_zscore,3.057822,4.058236,False
Memphis,primary_length,log1p_zscore,5.583289,3.835542,False
Memphis,distance,log1p_zscore,2.482537,0.55072,False
Mesa,total_population,log1p_zscore,8.165765,0.883364,False
Mesa,median_age,linear_zscore,38.481905,12.632918,False
Mesa,median_income,log1p_zscore,10.789433,0.370928,False
Mesa,per_capita_income,log1p_zscore,10.04317,0.320901,False
Mesa,employment_rate,linear_zscore,89.257285,10.103197,False
Mesa,unemployment_rate,linear_zscore,9.69623,5.059642,False
Mesa,commute_transit_pct,linear_zscore,2.126762,2.982731,False
Mesa,commute_active_pct,linear_zscore,3.020059,3.763829,False
Mesa,commute_wfh_pct,linear_zscore,4.498611,3.580659,False
Mesa,zero_vehicle_pct,linear_zscore,1.515244,1.370784,False
Mesa,avg_vehicles_per_household,linear_zscore,1.716788,0.846715,False
Mesa,higher_education_pct,linear_zscore,28.372677,15.033838,False
Mesa,homeownership_rate,linear_zscore,61.05448,23.519844,False
Mesa,office,log1p_zscore,1.745002,1.086394,False
Mesa,office_density,log1p_zscore,1.00654,0.749261,False
Mesa,industrial,log1p_zscore,0.331788,0.624834,False
Mesa,industrial_density,log1p_zscore,0.125615,0.267941,False
Mesa,commercial,log1p_zscore,1.74162,0.749042,False
Mesa,commercial_density,log1p_zscore,0.987037,0.572511,False
Mesa,education_primary,log1p_zscore,0.759745,0.578021,False
Mesa,education_primary_density,log1p_zscore,0.320253,0.287321,False
Mesa,road_length_total,log1p_zscore,10.724773,0.684058,False
Mesa,road_density,log1p_zscore,0.014877,0.005125,False
Mesa,road_count,log1p_zscore,5.663028,0.707992,False
Mesa,motorway_length,log1p_zscore,2.359155,3.922847,False
Mesa,primary_length,log1p_zscore,6.167728,3.247902,False
Mesa,distance,log1p_zscore,2.252723,0.5909,False
Miami,total_population,log1p_zscore,8.185406,0.675011,False
Miami,median_age,linear_zscore,38.848454,6.300304,False
Miami,median_income,log1p_zscore,10.353751,0.54946,False
Miami,per_capita_income,log1p_zscore,9.856471,0.619428,False
Miami,employment_rate,linear_zscore,84.270872,14.949711,False
Miami,unemployment_rate,linear_zscore,13.566031,8.861392,False
Miami,commute_transit_pct,linear_zscore,12.298094,10.249664,False
Miami,commute_active_pct,linear_zscore,5.730155,5.757541,False
Miami,commute_wfh_pct,linear_zscore,4.527015,8.862342,False
Miami,zero_vehicle_pct,linear_zscore,2.328602,2.208328,False
Miami,avg_vehicles_per_household,linear_zscore,1.173224,0.336937,False
Miami,higher_education_pct,linear_zscore,27.540754,17.196019,False
Miami,homeownership_rate,linear_zscore,31.635111,19.442595,False
Miami,office,log1p_zscore,0.490786,0.641745,False
Miami,office_density,log1p_zscore,0.53793,0.871864,False
Miami,industrial,log1p_zscore,0.075639,0.277321,False
Miami,industrial_density,log1p_zscore,0.050845,0.175032,False
Miami,commercial,log1p_zscore,0.62197,0.696357,False
Miami,commercial_density,log1p_zscore,0.639391,0.720602,False
Miami,education_primary,log1p_zscore,1.298396,0.705094,False
Miami,education_primary_density,log1p_zscore,1.258353,0.717744,False
Miami,road_length_total,log1p_zscore,9.972105,0.951747,False
Miami,road_density,log1p_zscore,0.022365,0.007878,False
Miami,road_count,log1p_zscore,5.340473,0.916339,False
Miami,motorway_length,log1p_zscore,3.132336,3.808824,False
Miami,primary_length,log1p_zscore,4.453889,3.620087,False
Miami,distance,log1p_zscore,1.74545,0.486915,False
Milwaukee,total_population,log1p_zscore,7.883031,0.40243,False
Milwaukee,median_age,linear_zscore,31.208696,5.914326,False
Milwaukee,median_income,log1p_zscore,10.41059,0.424632,False
Milwaukee,per_capita_income,log1p_zscore,9.747533,0.467113,False
Milwaukee,employment_rate,linear_zscore,84.198377,9.319343,False
Milwaukee,unemployment_rate,linear_zscore,15.745021,9.312409,False
Milwaukee,commute_transit_pct,linear_zscore,10.502115,7.936298,False
Milwaukee,commute_active_pct,linear_zscore,5.724406,9.406223,False
Milwaukee,commute_wfh_pct,linear_zscore,2.738479,2.534357,False
Milwaukee,zero_vehicle_pct,linear_zscore,2.710367,2.18361,False
Milwaukee,avg_vehicles_per_household,linear_zscore,1.285859,0.316329,False
Milwaukee,higher_education_pct,linear_zscore,20.546707,14.694023,False
Milwaukee,homeownership_rate,linear_zscore,42.347015,19.916516,False
Milwaukee,office,log1p_zscore,0.706473,0.855151,False
Milwaukee,office_density,log1p_zscore,0.557687,0.775654,False
Milwaukee,industrial,log1p_zscore,0.566129,0.7843,False
Milwaukee,industrial_density,log1p_zscore,0.373056,0.546794,False
Milwaukee,commercial,log1p_zscore,1.722625,0.907538,False
Milwaukee,commercial_density,log1p_zscore,1.405249,0.935735,False
Milwaukee,education_primary,log1p_zscore,0.797939,0.513701,False
Milwaukee,education_primary_density,log1p_zscore,0.611909,0.483747,False
Milwaukee,road_length_total,log1p_zscore,10.223069,0.537975,False
Milwaukee,road_density,log1p_zscore,0.017464,0.004541,False
Milwaukee,road_count,log1p_zscore,5.249194,0.460028,False
Milwaukee,motorway_length,log1p_zscore,2.023018,3.61655,False
Milwaukee,primary_length,log1p_zscore,4.596503,3.820959,False
Milwaukee,distance,log1p_zscore,2.063977,0.550375,False
Minneapolis,total_population,log1p_zscore,8.04646,0.380079,False
Minneapolis,median_age,linear_zscore,33.032456,6.176846,False
Minneapolis,median_income,log1p_zscore,10.745942,0.508014,False
Minneapolis,per_capita_income,log1p_zscore,10.195849,0.530176,False
Minneapolis,employment_rate,linear_zscore,89.437052,6.858331,False
Minneapolis,unemployment_rate,linear_zscore,10.544191,6.866976,False
Minneapolis,commute_transit_pct,linear_zscore,13.989672,6.697457,False
Minneapolis,commute_active_pct,linear_zscore,9.477837,9.312561,False
Minneapolis,commute_wfh_pct,linear_zscore,4.863896,3.018513,False
Minneapolis,zero_vehicle_pct,linear_zscore,2.657884,1.919397,False
Minneapolis,avg_vehicles_per_household,linear_zscore,1.339155,0.312142,False
Minneapolis,higher_education_pct,linear_zscore,40.663526,18.094761,False
Minneapolis,homeownership_rate,linear_zscore,49.922001,25.467636,False
Minneapolis,office,log1p_zscore,0.855914,0.855104,False
Minneapolis,office_density,log1p_zscore,0.580333,0.623412,False
Minneapolis,industrial,log1p_zscore,0.402659,0.664928,False
Minneapolis,industrial_density,log1p_zscore,0.225494,0.418298,False
Minneapolis,commercial,log1p_zscore,1.8208,0.934667,False
Minneapolis,commercial_density,log1p_zscore,1.376104,0.890555,False
Minneapolis,education_primary,log1p_zscore,0.692502,0.498329,False
Minneapolis,education_primary_density,log1p_zscore,0.425938,0.371578,False
Minneapolis,road_length_total,log1p_zscore,10.495041,0.528433,False
Minneapolis,road_density,log1p_zscore,0.017687,0.003601,False
Minneapolis,road_count,log1p_zscore,5.386948,0.459512,False
Minneapolis,motorway_length,log1p_zscore,3.431664,4.096082,False
Minneapolis,primary_length,log1p_zscore,2.901392,3.519689,False
Minneapolis,distance,log1p_zscore,1.827281,0.489533,False
Nashville,total_population,log1p_zscore,8.131984,0.984562,False
Nashville,median_age,linear_zscore,34.9625,6.544311,False
Nashville,median_income,log1p_zscore,10.664967,0.452668,False
Nashville,per_capita_income,log1p_zscore,10.06022,0.484307,False
Nashville,employment_rate,linear_zscore,88.850288,12.093267,False
Nashville,unemployment_rate,linear_zscore,9.698864,6.364623,False
Nashville,commute_transit_pct,linear_zscore,2.776718,3.626852,False
Nashville,commute_active_pct,linear_zscore,2.863168,7.097951,False
Nashville,commute_wfh_pct,linear_zscore,4.529678,5.127699,False
Nashville,zero_vehicle_pct,linear_zscore,1.226322,1.381128,False
Nashville,avg_vehicles_per_household,linear_zscore,1.680932,1.009543,False
Nashville,higher_education_pct,linear_zscore,33.844358,17.659689,False
Nashville,homeownership_rate,linear_zscore,51.718187,24.370896,False
Nashville,office,log1p_zscore,0.427858,0.688528,False
Nashville,office_density,log1p_zscore,0.150599,0.316431,False
Nashville,industrial,log1p_zscore,0.285736,0.617986,False
Nashville,industrial_density,log1p_zscore,0.07664,0.193039,False
Nashville,commercial,log1p_zscore,0.911861,0.855443,False
Nashville,commercial_density,log1p_zscore,0.331819,0.415658,False
Nashville,education_primary,log1p_zscore,0.809668,0.674676,False
Nashville,education_primary_density,log1p_zscore,0.263574,0.325599,False
Nashville,road_length_total,log1p_zscore,9.812963,3.631546,False
Nashville,road_density,log1p_zscore,0.010355,0.00594,False
Nashville,road_count,log1p_zscore,5.159604,1.934812,False
Nashville,motorway_length,log1p_zscore,4.594841,4.247543,False
Nashville,primary_length,log1p_zscore,4.966107,4.060026,False
Nashville,distance,log1p_zscore,2.599977,0.558518,False
New_York,total_population,log1p_zscore,7.964452,1.257319,False
New_York,median_age,linear_zscore,36.50886,6.699373,False
New_York,median_income,log1p_zscore,10.857569,0.474707,False
New_York,per_capita_income,log1p_zscore,10.162411,0.546331,False
New_York,employment_rate,linear_zscore,87.215251,13.87137,False
New_York,unemployment_rate,linear_zscore,10.745358,6.622919,False
New_York,commute_transit_pct,linear_zscore,53.06125,17.950375,False
New_York,commute_active_pct,linear_zscore,9.515243,9.92041,False
New_York,commute_wfh_pct,linear_zscore,3.660139,4.034275,False
New_York,zero_vehicle_pct,linear_zscore,7.850011,6.942263,False
New_York,avg_vehicles_per_household,linear_zscore,1.143409,7.636972,False
New_York,higher_education_pct,linear_zscore,35.10799,17.626627,False
New_York,homeownership_rate,linear_zscore,36.487831,25.599433,False
New_York,office,log1p_zscore,0.495692,0.748602,False
New_York,office_density,log1p_zscore,0.740317,1.081999,False
New_York,industrial,log1p_zscore,0.050296,0.230471,False
New_York,industrial_density,log1p_zscore,0.057946,0.28002,False
New_York,commercial,log1p_zscore,0.075542,0.286692,False
New_York,commercial_density,log1p_zscore,0.089046,0.345873,False
New_York,education_primary,log1p_zscore,0.451146,0.546983,False
New_York,education_primary_density,log1p_zscore,0.726702,0.901954,False
New_York,road_length_total,log1p_zscore,8.319037,2.254559,False
New_York,road_density,log1p_zscore,0.016876,0.007162,False
New_York,road_count,log1p_zscore,4.045196,1.205885,False
New_York,motorway_length,log1p_zscore,1.508065,3.008714,False
New_York,primary_length,log1p_zscore,3.029416,3.378686,False
New_York,distance,log1p_zscore,2.447389,0.60648,False
Oakland,total_population,log1p_zscore,8.038273,0.66206,False
Oakland,median_age,linear_zscore,37.015044,6.860896,False
Oakland,median_income,log1p_zscore,10.840631,0.557014,False
Oakland,per_capita_income,log1p_zscore,10.246089,0.58997,False
Oakland,employment_rate,linear_zscore,87.284513,6.7114,False
Oakland,unemployment_rate,linear_zscore,12.592733,6.758752,False
Oakland,commute_transit_pct,linear_zscore,19.639735,9.262383,False
Oakland,commute_active_pct,linear_zscore,6.823779,6.866603,False
Oakland,commute_wfh_pct,linear_zscore,6.778585,4.544948,False
Oakland,zero_vehicle_pct,linear_zscore,1.818395,1.840387,False
Oakland,avg_vehicles_per_household,linear_zscore,1.952087,5.67296,False
Oakland,higher_education_pct,linear_zscore,37.71882,20.474676,False
Oakland,homeownership_rate,linear_zscore,40.511313,24.133296,False
Oakland,office,log1p_zscore,0.667397,0.828123,False
Oakland,office_density,log1p_zscore,0.607285,0.866358,False
Oakland,industrial,log1p_zscore,0.440515,0.684596,False
Oakland,industrial_density,log1p_zscore,0.311646,0.474905,False
Oakland,commercial,log1p_zscore,0.921173,0.801892,False
Oakland,commercial_density,log1p_zscore,0.852646,0.856772,False
Oakland,education_primary,log1p_zscore,0.775588,0.601308,False
Oakland,education_primary_density,log1p_zscore,0.634035,0.547253,False
Oakland,road_length_total,log1p_zscore,10.191268,0.644649,False
Oakland,road_density,log1p_zscore,0.021369,0.005686,False
Oakland,road_count,log1p_zscore,5.310523,0.520907,False
Oakland,motorway_length,log1p_zscore,4.408348,3.95637,False
Oakland,primary_length,log1p_zscore,3.251881,3.529429,False
Oakland,distance,log1p_zscore,1.815493,0.536826,False
Oklahoma_City,total_population,log1p_zscore,7.698491,0.967416,False
Oklahoma_City,median_age,linear_zscore,35.125,6.958456,False
Oklahoma_City,median_income,log1p_zscore,10.572052,0.492874,False
Oklahoma_City,per_capita_income,log1p_zscore,9.964283,0.514577,False
Oklahoma_City,employment_rate,linear_zscore,89.431073,11.489655,False
Oklahoma_City,unemployment_rate,linear_zscore,8.981266,7.440292,False
Oklahoma_City,commute_transit_pct,linear_zscore,0.98764,2.308304,False
Oklahoma_City,commute_active_pct,linear_zscore,3.501455,7.689629,False
Oklahoma_City,commute_wfh_pct,linear_zscore,3.369697,3.576432,False
Oklahoma_City,zero_vehicle_pct,linear_zscore,1.724061,3.130826,False
Oklahoma_City,avg_vehicles_per_household,linear_zscore,1.649346,0.434722,False
Oklahoma_City,higher_education_pct,linear_zscore,26.370706,19.489993,False
Oklahoma_City,homeownership_rate,linear_zscore,53.907656,22.658296,False
Oklahoma_City,office,log1p_zscore,0.476498,0.77896,False
Oklahoma_City,office_density,log1p_zscore,0.227036,0.475051,False
Oklahoma_City,industrial,log1p_zscore,0.697594,1.150996,False
Oklahoma_City,industrial_density,log1p_zscore,0.338712,0.6475,False
Oklahoma_City,commercial,log1p_zscore,0.902245,1.139238,False
Oklahoma_City,commercial_density,log1p_zscore,0.533594,0.913325,False
Oklahoma_City,education_primary,log1p_zscore,0.564388,0.581215,False
Oklahoma_City,education_primary_density,log1p_zscore,0.248592,0.330952,False
Oklahoma_City,road_length_total,log1p_zscore,8.43194,4.618909,False
Oklahoma_City,road_density,log1p_zscore,0.012237,0.008303,False
Oklahoma_City,road_count,log1p_zscore,4.477532,2.467505,False
Oklahoma_City,motorway_length,log1p_zscore,2.856488,4.052763,False
Oklahoma_City,primary_length,log1p_zscore,1.507111,3.061176,False
Oklahoma_City,distance,log1p_zscore,2.411371,0.583872,False
Omaha,total_population,log1p_zscore,8.015028,0.363687,False
Omaha,median_age,linear_zscore,34.844538,6.520101,False
Omaha,median_income,log1p_zscore,10.708004,0.450402,False
Omaha,per_capita_income,log1p_zscore,10.055827,0.483513,False
Omaha,employment_rate,linear_zscore,91.036591,5.740959,False
Omaha,unemployment_rate,linear_zscore,8.803141,5.790106,False
Omaha,commute_transit_pct,linear_zscore,1.809951,2.04114,False
Omaha,commute_active_pct,linear_zscore,3.56579,6.331267,False
Omaha,commute_wfh_pct,linear_zscore,3.151262,2.441065,False
Omaha,zero_vehicle_pct,linear_zscore,2.004817,2.109791,False
Omaha,avg_vehicles_per_household,linear_zscore,1.660989,0.374115,False
Omaha,higher_education_pct,linear_zscore,32.22694,18.626168,False
Omaha,homeownership_rate,linear_zscore,58.431794,20.638998,False
Omaha,office,log1p_zscore,0.490842,0.661624,False
Omaha,office_density,log1p_zscore,0.194793,0.30585,False
Omaha,industrial,log1p_zscore,0.215924,0.498761,False
Omaha,industrial_density,log1p_zscore,0.060192,0.12888,False
Omaha,commercial,log1p_zscore,0.358988,0.578045,False
Omaha,commercial_density,log1p_zscore,0.122137,0.218813,False
Omaha,education_primary,log1p_zscore,0.997283,0.553322,False
Omaha,education_primary_density,log1p_zscore,0.437001,0.30919,False
Omaha,road_length_total,log1p_zscore,10.982621,0.400834,False
Omaha,road_density,log1p_zscore,0.016733,0.00431,False
Omaha,road_count,log1p_zscore,5.952734,0.347223,False
Omaha,motorway_length,log1p_zscore,3.336741,4.117929,False
Omaha,primary_length,log1p_zscore,6.70475,3.054578,False
Omaha,distance,log1p_zscore,2.187919,0.526357,False
Philadelphia,total_population,log1p_zscore,8.043803,1.254533,False
Philadelphia,median_age,linear_zscore,35.096875,7.235023,False
Philadelphia,median_income,log1p_zscore,10.497176,0.493739,False
Philadelphia,per_capita_income,log1p_zscore,9.934652,0.532299,False
Philadelphia,employment_rate,linear_zscore,82.35613,14.798488,False
Philadelphia,unemployment_rate,linear_zscore,15.497723,8.953915,False
Philadelphia,commute_transit_pct,linear_zscore,27.242883,14.301486,False
Philadelphia,commute_active_pct,linear_zscore,10.480297,13.493881,False
Philadelphia,commute_wfh_pct,linear_zscore,3.072018,3.045149,False
Philadelphia,zero_vehicle_pct,linear_zscore,10.052629,7.29392,False
Philadelphia,avg_vehicles_per_household,linear_zscore,1.897453,16.855458,False
Philadelphia,higher_education_pct,linear_zscore,23.356095,16.123862,False
Philadelphia,homeownership_rate,linear_zscore,50.823788,20.508513,False
Philadelphia,office,log1p_zscore,0.284822,0.515514,False
Philadelphia,office_density,log1p_zscore,0.302446,0.587518,False
Philadelphia,industrial,log1p_zscore,0.145855,0.408949,False
Philadelphia,industrial_density,log1p_zscore,0.112725,0.314241,False
Philadelphia,commercial,log1p_zscore,0.441172,0.590009,False
Philadelphia,commercial_density,log1p_zscore,0.412663,0.58216,False
Philadelphia,education_primary,log1p_zscore,0.757885,0.624322,False
Philadelphia,education_primary_density,log1p_zscore,0.740744,0.665096,False
Philadelphia,road_length_total,log1p_zscore,9.340045,2.306389,False
Philadelphia,road_density,log1p_zscore,0.01787,0.006679,False
Philadelphia,road_count,log1p_zscore,4.922319,1.263484,False
Philadelphia,motorway_length,log1p_zscore,0.908656,2.509716,False
Philadelphia,primary_length,log1p_zscore,4.461529,3.699308,False
Philadelphia,distance,log1p_zscore,2.238527,0.580573,False
Phoenix,total_population,log1p_zscore,8.232824,0.626714,False
Phoenix,median_age,linear_zscore,33.777299,7.163896,False
Phoenix,median_income,log1p_zscore,10.716288,0.501002,False
Phoenix,per_capita_income,log1p_zscore,9.94696,0.563746,False
Phoenix,employment_rate,linear_zscore,88.516426,8.860596,False
Phoenix,unemployment_rate,linear_zscore,11.105193,7.501487,False
Phoenix,commute_transit_pct,linear_zscore,3.856971,4.233857,False
Phoenix,commute_active_pct,linear_zscore,3.006558,3.871836,False
Phoenix,commute_wfh_pct,linear_zscore,4.854141,3.942469,False
Phoenix,zero_vehicle_pct,linear_zscore,1.565527,1.690115,False
Phoenix,avg_vehicles_per_household,linear_zscore,1.666558,1.005268,False
Phoenix,higher_education_pct,linear_zscore,28.828319,19.779661,False
Phoenix,homeownership_rate,linear_zscore,54.774663,23.153347,False
Phoenix,office,log1p_zscore,0.601243,0.901592,False
Phoenix,office_density,log1p_zscore,0.310867,0.538687,False
Phoenix,industrial,log1p_zscore,0.479559,0.75551,False
Phoenix,industrial_density,log1p_zscore,0.193955,0.339039,False
Phoenix,commercial,log1p_zscore,1.287793,0.818471,False
Phoenix,commercial_density,log1p_zscore,0.707973,0.571126,False
Phoenix,education_primary,log1p_zscore,0.691069,0.60349,False
Phoenix,education_primary_density,log1p_zscore,0.32763,0.338657,False
Phoenix,road_length_total,log1p_zscore,9.818854,3.169456,False
Phoenix,road_density,log1p_zscore,0.01531,0.006966,False
Phoenix,road_count,log1p_zscore,5.264662,1.762409,False
Phoenix,motorway_length,log1p_zscore,2.324036,3.74169,False
Phoenix,primary_length,log1p_zscore,4.076408,3.899585,False
Phoenix,distance,log1p_zscore,2.737847,0.588184,False
Portland,total_population,log1p_zscore,8.229288,0.727662,False
Portland,median_age,linear_zscore,36.841489,4.216886,False
Portland,median_income,log1p_zscore,10.903686,0.382788,False
Portland,per_capita_income,log1p_zscore,10.332418,0.400767,False
Portland,employment_rate,linear_zscore,89.142903,8.65489,False
Portland,unemployment_rate,linear_zscore,10.083628,4.350773,False
Portland,commute_transit_pct,linear_zscore,11.369803,5.345986,False
Portland,commute_active_pct,linear_zscore,12.310336,10.024302,False
Portland,commute_wfh_pct,linear_zscore,7.379658,3.613513,False
Portland,zero_vehicle_pct,linear_zscore,2.169088,1.498641,False
Portland,avg_vehicles_per_household,linear_zscore,1.490732,0.354163,False
Portland,higher_education_pct,linear_zscore,45.588965,16.625791,False
Portland,homeownership_rate,linear_zscore,55.165371,19.964206,False
Portland,office,log1p_zscore,0.900945,0.962074,False
Portland,office_density,log1p_zscore,0.492412,0.635113,False
Portland,industrial,log1p_zscore,0.591504,0.989781,False
Portland,industrial_density,log1p_zscore,0.235498,0.397394,False
Portland,commercial,log1p_zscore,1.495849,1.040929,False
Portland,commercial_density,log1p_zscore,0.840574,0.715328,False
Portland,education_primary,log1p_zscore,0.803114,0.596295,False
Portland,education_primary_density,log1p_zscore,0.37749,0.32637,False
Portland,road_length_total,log1p_zscore,9.238322,4.095169,False
Portland,road_density,log1p_zscore,0.016156,0.008834,False
Portland,road_count,log1p_zscore,5.034045,2.246646,False
Portland,motorway_length,log1p_zscore,2.688063,3.895778,False
Portland,primary_length,log1p_zscore,5.319069,3.798489,False
Portland,distance,log1p_zscore,2.121833,0.510466,False
Raleigh,total_population,log1p_zscore,8.348621,0.620733,False
Raleigh,median_age,linear_zscore,34.220548,7.189756,False
Raleigh,median_income,log1p_zscore,10.86035,0.459709,False
Raleigh,per_capita_income,log1p_zscore,10.249917,0.623622,False
Raleigh,employment_rate,linear_zscore,91.424282,5.430232,False
Raleigh,unemployment_rate,linear_zscore,8.398817,5.447924,False
Raleigh,commute_transit_pct,linear_zscore,2.957519,4.442196,False
Raleigh,commute_active_pct,linear_zscore,3.807062,4.98472,False
Raleigh,commute_wfh_pct,linear_zscore,5.459275,3.418514,False
Raleigh,zero_vehicle_pct,linear_zscore,0.983475,1.261221,False
Raleigh,avg_vehicles_per_household,linear_zscore,2.501001,7.532588,False
Raleigh,higher_education_pct,linear_zscore,53.163417,26.365352,False
Raleigh,homeownership_rate,linear_zscore,50.875969,24.733356,False
Raleigh,office,log1p_zscore,1.223404,1.077817,False
Raleigh,office_density,log1p_zscore,0.492827,0.604848,False
Raleigh,industrial,log1p_zscore,0.152652,0.366304,False
Raleigh,industrial_density,log1p_zscore,0.021895,0.053601,False
Raleigh,commercial,log1p_zscore,1.418421,0.993326,False
Raleigh,commercial_density,log1p_zscore,0.540355,0.535901,False
Raleigh,education_primary,log1p_zscore,0.77865,0.565064,False
Raleigh,education_primary_density,log1p_zscore,0.228105,0.230299,False
Raleigh,road_length_total,log1p_zscore,11.225378,0.548538,False
Raleigh,road_density,log1p_zscore,0.013453,0.003328,False
Raleigh,road_count,log1p_zscore,6.211724,0.561108,False
Raleigh,motorway_length,log1p_zscore,3.606247,4.253819,False
Raleigh,primary_length,log1p_zscore,7.825169,2.360962,False
Raleigh,distance,log1p_zscore,2.245582,0.50761,False
Sacramento,total_population,log1p_zscore,8.327322,0.418898,False
Sacramento,median_age,linear_zscore,35.242,6.745238,False
Sacramento,median_income,log1p_zscore,10.715121,0.447794,False
Sacramento,per_capita_income,log1p_zscore,10.0601,0.514156,False
Sacramento,employment_rate,linear_zscore,84.746874,7.354532,False
Sacramento,unemployment_rate,linear_zscore,15.086201,7.372991,False
Sacramento,commute_transit_pct,linear_zscore,4.421829,4.562132,False
Sacramento,commute_active_pct,linear_zscore,6.894855,8.971413,False
Sacramento,commute_wfh_pct,linear_zscore,4.659274,3.339111,False
Sacramento,zero_vehicle_pct,linear_zscore,1.668092,1.578396,False
Sacramento,avg_vehicles_per_household,linear_zscore,1.569579,0.324157,False
Sacramento,higher_education_pct,linear_zscore,30.696184,15.554757,False
Sacramento,homeownership_rate,linear_zscore,46.726164,21.179871,False
Sacramento,office,log1p_zscore,0.46987,0.682034,False
Sacramento,office_density,log1p_zscore,0.268402,0.483168,False
Sacramento,industrial,log1p_zscore,0.224369,0.453579,False
Sacramento,industrial_density,log1p_zscore,0.079247,0.183443,False
Sacramento,commercial,log1p_zscore,0.944065,0.838031,False
Sacramento,commercial_density,log1p_zscore,0.479895,0.529049,False
Sacramento,education_primary,log1p_zscore,0.870367,0.586445,False
Sacramento,education_primary_density,log1p_zscore,0.387333,0.300331,False
Sacramento,road_length_total,log1p_zscore,10.883685,0.465822,False
Sacramento,road_density,log1p_zscore,0.017429,0.004762,False
Sacramento,road_count,log1p_zscore,5.874415,0.424998,False
Sacramento,motorway_length,log1p_zscore,4.034937,4.356791,False
Sacramento,primary_length,log1p_zscore,3.43922,3.870973,False
Sacramento,distance,log1p_zscore,2.175875,0.540964,False
San_Antonio,total_population,log1p_zscore,8.320485,0.806488,False
San_Antonio,median_age,linear_zscore,33.740714,6.011084,False
San_Antonio,median_income,log1p_zscore,10.669788,0.463725,False
San_Antonio,per_capita_income,log1p_zscore,9.893337,0.475019,False
San_Antonio,employment_rate,linear_zscore,89.017796,10.073663,False
San_Antonio,unemployment_rate,linear_zscore,9.296771,6.072348,False
San_Antonio,commute_transit_pct,linear_zscore,4.152027,4.372489,False
San_Antonio,commute_active_pct,linear_zscore,2.46722,4.790767,False
San_Antonio,commute_wfh_pct,linear_zscore,2.933933,3.791406,False
San_Antonio,zero_vehicle_pct,linear_zscore,2.267816,2.547357,False
San_Antonio,avg_vehicles_per_household,linear_zscore,6.418877,56.518522,False
San_Antonio,higher_education_pct,linear_zscore,25.60132,20.767344,False
San_Antonio,homeownership_rate,linear_zscore,56.224883,21.807154,False
San_Antonio,office,log1p_zscore,0.47944,0.65985,False
San_Antonio,office_density,log1p_zscore,0.191537,0.345775,False
San_Antonio,industrial,log1p_zscore,0.288747,0.561277,False
San_Antonio,industrial_density,log1p_zscore,0.085919,0.189074,False
San_Antonio,commercial,log1p_zscore,1.053505,0.858614,False
San_Antonio,commercial_density,log1p_zscore,0.473943,0.451327,False
San_Antonio,education_primary,log1p_zscore,0.886493,0.593192,False
San_Antonio,education_primary_density,log1p_zscore,0.373956,0.317883,False
San_Antonio,road_length_total,log1p_zscore,10.61007,1.914095,False
San_Antonio,road_density,log1p_zscore,0.015967,0.007111,False
San_Antonio,road_count,log1p_zscore,5.739928,1.107186,False
San_Antonio,motorway_length,log1p_zscore,4.73386,4.196938,False
San_Antonio,primary_length,log1p_zscore,4.387026,3.897509,False
San_Antonio,distance,log1p_zscore,2.660334,0.549684,False
San_Diego,total_population,log1p_zscore,8.350313,0.535729,False
San_Diego,median_age,linear_zscore,35.112996,7.930491,False
San_Diego,median_income,log1p_zscore,11.033863,0.442578,False
San_Diego,per_capita_income,log1p_zscore,10.280765,0.534723,False
San_Diego,employment_rate,linear_zscore,85.497775,15.348904,False
San_Diego,unemployment_rate,linear_zscore,9.443443,5.023917,False
San_Diego,commute_transit_pct,linear_zscore,4.303236,4.496783,False
San_Diego,commute_active_pct,linear_zscore,4.369788,6.704717,False
San_Diego,commute_wfh_pct,linear_zscore,6.722112,7.92472,False
San_Diego,zero_vehicle_pct,linear_zscore,1.363157,1.348505,False
San_Diego,avg_vehicles_per_household,linear_zscore,3.942591,21.774935,False
San_Diego,higher_education_pct,linear_zscore,54.892707,146.510712,False
San_Diego,homeownership_rate,linear_zscore,47.880051,25.532223,False
San_Diego,office,log1p_zscore,0.372445,0.694997,False
San_Diego,office_density,log1p_zscore,0.206429,0.424714,False
San_Diego,industrial,log1p_zscore,0.216687,0.628947,False
San_Diego,industrial_density,log1p_zscore,0.060191,0.174501,False
San_Diego,commercial,log1p_zscore,0.625196,0.794456,False
San_Diego,commercial_density,log1p_zscore,0.374843,0.536829,False
San_Diego,education_primary,log1p_zscore,0.666212,0.578037,False
San_Diego,education_primary_density,log1p_zscore,0.403756,0.421155,False
San_Diego,road_length_total,log1p_zscore,9.287089,3.354523,False
San_Diego,road_density,log1p_zscore,0.014869,0.007833,False
San_Diego,road_count,log1p_zscore,4.829957,1.801013,False
San_Diego,motorway_length,log1p_zscore,4.023384,4.169087,False
San_Diego,primary_length,log1p_zscore,4.987491,3.67791,False
San_Diego,distance,log1p_zscore,2.631966,0.645441,False
San_Francisco,total_population,log1p_zscore,8.230714,0.59194,False
San_Francisco,median_age,linear_zscore,39.356995,6.126674,False
San_Francisco,median_income,log1p_zscore,11.178816,0.528034,False
San_Francisco,per_capita_income,log1p_zscore,10.679695,0.551003,False
San_Francisco,employment_rate,linear_zscore,91.290527,4.624239,False
San_Francisco,unemployment_rate,linear_zscore,8.645553,4.597414,False
San_Francisco,commute_transit_pct,linear_zscore,32.16902,8.517786,False
San_Francisco,commute_active_pct,linear_zscore,13.374409,12.490479,False
San_Francisco,commute_wfh_pct,linear_zscore,7.177526,3.902851,False
San_Francisco,zero_vehicle_pct,linear_zscore,3.438317,2.477686,False
San_Francisco,avg_vehicles_per_household,linear_zscore,1.241627,1.022553,False
San_Francisco,higher_education_pct,linear_zscore,58.099895,18.584389,False
San_Francisco,homeownership_rate,linear_zscore,38.270887,23.223805,False
San_Francisco,office,log1p_zscore,0.621334,0.886003,False
San_Francisco,office_density,log1p_zscore,0.741261,1.027373,False
San_Francisco,industrial,log1p_zscore,0.130445,0.458468,False
San_Francisco,industrial_density,log1p_zscore,0.082595,0.300858,False
San_Francisco,commercial,log1p_zscore,0.357772,0.538956,False
San_Francisco,commercial_density,log1p_zscore,0.433803,0.70451,False
San_Francisco,education_primary,log1p_zscore,0.602375,0.622163,False
San_Francisco,education_primary_density,log1p_zscore,0.698695,0.782144,False
San_Francisco,road_length_total,log1p_zscore,7.769384,3.900526,False
San_Francisco,road_density,log1p_zscore,0.01836,0.010831,False
San_Francisco,road_count,log1p_zscore,3.951206,2.044841,False
San_Francisco,motorway_length,log1p_zscore,1.06227,2.648603,False
San_Francisco,primary_length,log1p_zscore,3.258839,3.494836,False
San_Francisco,distance,log1p_zscore,1.730058,0.468851,False
San_Jose,total_population,log1p_zscore,8.451576,0.301643,False
San_Jose,median_age,linear_zscore,36.05082,4.817873,False
San_Jose,median_income,log1p_zscore,11.242219,0.41606,False
San_Jose,per_capita_income,log1p_zscore,10.324304,0.442954,False
San_Jose,employment_rate,linear_zscore,89.146734,3.853156,False
San_Jose,unemployment_rate,linear_zscore,10.823177,3.854845,False
San_Jose,commute_transit_pct,linear_zscore,3.634996,3.069663,False
San_Jose,commute_active_pct,linear_zscore,2.692023,4.30663,False
San_Jose,commute_wfh_pct,linear_zscore,3.889436,2.352036,False
San_Jose,zero_vehicle_pct,linear_zscore,1.399021,1.358174,False
San_Jose,avg_vehicles_per_household,linear_zscore,2.069993,0.442835,False
San_Jose,higher_education_pct,linear_zscore,46.335559,17.550036,False
San_Jose,homeownership_rate,linear_zscore,57.762197,22.290982,False
San_Jose,office,log1p_zscore,1.039053,1.214293,False
San_Jose,office_density,log1p_zscore,0.704379,0.86074,False
San_Jose,industrial,log1p_zscore,0.362416,0.73011,False
San_Jose,industrial_density,log1p_zscore,0.205419,0.399321,False
San_Jose,commercial,log1p_zscore,1.312047,0.929541,False
San_Jose,commercial_density,log1p_zscore,0.886007,0.653093,False
San_Jose,education_primary,log1p_zscore,0.840806,0.588646,False
San_Jose,education_primary_density,log1p_zscore,0.514044,0.421019,False
San_Jose,road_length_total,log1p_zscore,9.728256,2.83868,False
San_Jose,road_density,log1p_zscore,0.016678,0.006044,False
San_Jose,road_count,log1p_zscore,5.114616,1.537272,False
San_Jose,motorway_length,log1p_zscore,3.542858,4.070853,False
San_Jose,primary_length,log1p_zscore,4.55303,3.80466,False
San_Jose,distance,log1p_zscore,2.212877,0.526961,False
Seattle,total_population,log1p_zscore,8.406796,0.345236,False
Seattle,median_age,linear_zscore,37.018182,5.530834,False
Seattle,median_income,log1p_zscore,11.064091,0.473649,False
Seattle,per_capita_income,log1p_zscore,10.594698,0.448737,False
Seattle,employment_rate,linear_zscore,92.556519,3.383374,False
Seattle,unemployment_rate,linear_zscore,7.128759,3.39355,False
Seattle,commute_transit_pct,linear_zscore,18.998021,6.426223,False
Seattle,commute_active_pct,linear_zscore,12.67495,12.203211,False
Seattle,commute_wfh_pct,linear_zscore,6.675394,3.728914,False
Seattle,zero_vehicle_pct,linear_zscore,1.9431,1.447683,False
Seattle,avg_vehicles_per_household,linear_zscore,1.608926,1.974358,False
Seattle,higher_education_pct,linear_zscore,53.9602,14.050106,False
Seattle,homeownership_rate,linear_zscore,49.589619,21.620082,False
Seattle,office,log1p_zscore,1.037625,1.127202,False
Seattle,office_density,log1p_zscore,0.602678,0.793544,False
Seattle,industrial,log1p_zscore,0.250685,0.69063,False
Seattle,industrial_density,log1p_zscore,0.091331,0.250758,False
Seattle,commercial,log1p_zscore,0.789297,0.942833,False
Seattle,commercial_density,log1p_zscore,0.448562,0.660956,False
Seattle,education_primary,log1p_zscore,0.64454,0.604512,False
Seattle,education_primary_density,log1p_zscore,0.304814,0.356176,False
Seattle,road_length_total,log1p_zscore,7.677862,4.99,False
Seattle,road_density,log1p_zscore,0.012251,0.009447,False
Seattle,road_count,log1p_zscore,4.174543,2.731578,False
Seattle,motorway_length,log1p_zscore,1.71925,3.500724,False
Seattle,primary_length,log1p_zscore,2.230086,3.51129,False
Seattle,distance,log1p_zscore,2.157227,0.575431,False
Tampa,total_population,log1p_zscore,7.904417,1.277538,False
Tampa,median_age,linear_zscore,35.936083,7.758098,False
Tampa,median_income,log1p_zscore,10.579526,0.592447,False
Tampa,per_capita_income,log1p_zscore,10.035405,0.635746,False
Tampa,employment_rate,linear_zscore,83.181287,15.159581,False
Tampa,unemployment_rate,linear_zscore,13.324066,8.518921,False
Tampa,commute_transit_pct,linear_zscore,3.740438,4.716044,False
Tampa,commute_active_pct,linear_zscore,4.452143,5.342336,False
Tampa,commute_wfh_pct,linear_zscore,5.097,5.344499,False
Tampa,zero_vehicle_pct,linear_zscore,2.125961,2.353844,False
Tampa,avg_vehicles_per_household,linear_zscore,1.953812,5.865317,False
Tampa,higher_education_pct,linear_zscore,29.931214,23.115097,False
Tampa,homeownership_rate,linear_zscore,47.125168,22.226563,False
Tampa,office,log1p_zscore,0.647714,0.821929,False
Tampa,office_density,log1p_zscore,0.335334,0.507102,False
Tampa,industrial,log1p_zscore,0.439233,0.875147,False
Tampa,industrial_density,log1p_zscore,0.231576,0.460593,False
Tampa,commercial,log1p_zscore,2.801787,1.035895,False
Tampa,commercial_density,log1p_zscore,1.947432,0.974763,False
Tampa,education_primary,log1p_zscore,0.866741,0.62441,False
Tampa,education_primary_density,log1p_zscore,0.468389,0.421363,False
Tampa,road_length_total,log1p_zscore,10.75088,0.736856,False
Tampa,road_density,log1p_zscore,0.018959,0.009027,False
Tampa,road_count,log1p_zscore,5.900498,0.697315,False
Tampa,motorway_length,log1p_zscore,4.127717,4.085737,False
Tampa,primary_length,log1p_zscore,5.68623,3.576233,False
Tampa,distance,log1p_zscore,2.269758,0.639795,False
Tucson,total_population,log1p_zscore,8.112476,1.152285,False
Tucson,median_age,linear_zscore,34.646154,8.524871,False
Tucson,median_income,log1p_zscore,10.288666,1.410269,False
Tucson,per_capita_income,log1p_zscore,9.669645,1.337747,False
Tucson,employment_rate,linear_zscore,84.043056,15.309688,False
Tucson,unemployment_rate,linear_zscore,12.309193,6.081955,False
Tucson,commute_transit_pct,linear_zscore,4.354819,4.224568,False
Tucson,commute_active_pct,linear_zscore,5.980061,7.731121,False
Tucson,commute_wfh_pct,linear_zscore,3.563525,2.539523,False
Tucson,zero_vehicle_pct,linear_zscore,2.088733,2.257249,False
Tucson,avg_vehicles_per_household,linear_zscore,1.525569,0.719688,False
Tucson,higher_education_pct,linear_zscore,22.298686,12.38482,False
Tucson,homeownership_rate,linear_zscore,49.392983,21.534373,False
Tucson,office,log1p_zscore,0.556449,0.702872,False
Tucson,office_density,log1p_zscore,0.268349,0.433481,False
Tucson,industrial,log1p_zscore,0.400618,0.702171,False
Tucson,industrial_density,log1p_zscore,0.140926,0.27568,False
Tucson,commercial,log1p_zscore,1.474462,0.945988,False
Tucson,commercial_density,log1p_zscore,0.814665,0.619877,False
Tucson,education_primary,log1p_zscore,0.894452,0.584371,False
Tucson,education_primary_density,log1p_zscore,0.393026,0.306528,False
Tucson,road_length_total,log1p_zscore,10.885966,0.510969,False
Tucson,road_density,log1p_zscore,0.016793,0.005406,False
Tucson,road_count,log1p_zscore,5.982865,0.561639,False
Tucson,motorway_length,log1p_zscore,1.050591,2.80287,False
Tucson,primary_length,log1p_zscore,7.04293,2.853398,False
Tucson,distance,log1p_zscore,2.322118,0.570354,False
Tulsa,total_population,log1p_zscore,7.978981,0.433633,False
Tulsa,median_age,linear_zscore,36.42314,7.303761,False
Tulsa,median_income,log1p_zscore,10.632152,0.48546,False
Tulsa,per_capita_income,log1p_zscore,10.072233,0.53189,False
Tulsa,employment_rate,linear_zscore,91.176481,5.394118,False
Tulsa,unemployment_rate,linear_zscore,8.693375,5.35959,False
Tulsa,commute_transit_pct,linear_zscore,1.228966,1.523841,False
Tulsa,commute_active_pct,linear_zscore,2.410924,4.217624,False
Tulsa,commute_wfh_pct,linear_zscore,3.424529,3.153896,False
Tulsa,zero_vehicle_pct,linear_zscore,1.765522,1.763464,False
Tulsa,avg_vehicles_per_household,linear_zscore,1.61111,0.281437,False
Tulsa,higher_education_pct,linear_zscore,30.543108,20.720482,False
Tulsa,homeownership_rate,linear_zscore,53.994116,20.662629,False
Tulsa,office,log1p_zscore,1.286683,0.906119,False
Tulsa,office_density,log1p_zscore,0.601163,0.573081,False
Tulsa,industrial,log1p_zscore,0.764449,0.832137,False
Tulsa,industrial_density,log1p_zscore,0.275427,0.338443,False
Tulsa,commercial,log1p_zscore,1.422524,0.946579,False
Tulsa,commercial_density,log1p_zscore,0.698805,0.62353,False
Tulsa,education_primary,log1p_zscore,0.658036,0.527458,False
Tulsa,education_primary_density,log1p_zscore,0.231208,0.223974,False
Tulsa,road_length_total,log1p_zscore,11.013672,0.446863,False
Tulsa,road_density,log1p_zscore,0.014972,0.005127,False
Tulsa,road_count,log1p_zscore,5.943819,0.383991,False
Tulsa,motorway_length,log1p_zscore,4.795779,4.250382,False
Tulsa,primary_length,log1p_zscore,4.880142,3.704537,False
Tulsa,distance,log1p_zscore,2.250369,0.510537,False
Virginia_Beach,total_population,log1p_zscore,8.236201,0.934932,False
Virginia_Beach,median_age,linear_zscore,36.954,7.673818,False
Virginia_Beach,median_income,log1p_zscore,11.111055,0.301801,False
Virginia_Beach,per_capita_income,log1p_zscore,10.338905,0.324076,False
Virginia_Beach,employment_rate,linear_zscore,84.118775,16.733419,False
Virginia_Beach,unemployment_rate,linear_zscore,5.907845,2.947591,False
Virginia_Beach,commute_transit_pct,linear_zscore,0.730055,0.945469,False
Virginia_Beach,commute_active_pct,linear_zscore,3.318701,7.1055,False
Virginia_Beach,commute_wfh_pct,linear_zscore,4.797064,3.886136,False
Virginia_Beach,zero_vehicle_pct,linear_zscore,1.243603,1.942185,False
Virginia_Beach,avg_vehicles_per_household,linear_zscore,1.99453,0.895313,False
Virginia_Beach,higher_education_pct,linear_zscore,39.745395,21.631832,False
Virginia_Beach,homeownership_rate,linear_zscore,63.617568,24.854636,False
Virginia_Beach,office,log1p_zscore,0.574431,0.706471,False
Virginia_Beach,office_density,log1p_zscore,0.184615,0.316386,False
Virginia_Beach,industrial,log1p_zscore,0.113259,0.329142,False
Virginia_Beach,industrial_density,log1p_zscore,0.023665,0.073816,False
Virginia_Beach,commercial,log1p_zscore,1.077639,0.870587,False
Virginia_Beach,commercial_density,log1p_zscore,0.450934,0.520384,False
Virginia_Beach,education_primary,log1p_zscore,0.635624,0.600327,False
Virginia_Beach,education_primary_density,log1p_zscore,0.202718,0.232184,False
Virginia_Beach,road_length_total,log1p_zscore,11.06689,0.550083,False
Virginia_Beach,road_density,log1p_zscore,0.014063,0.005686,False
Virginia_Beach,road_count,log1p_zscore,6.071691,0.615059,False
Virginia_Beach,motorway_length,log1p_zscore,1.727975,3.380434,False
Virginia_Beach,primary_length,log1p_zscore,5.586458,3.806684,False
Virginia_Beach,distance,log1p_zscore,2.280576,0.536201,False
Washington_DC,total_population,log1p_zscore,8.037182,0.713853,False
Washington_DC,median_age,linear_zscore,35.244134,6.827827,False
Washington_DC,median_income,log1p_zscore,11.00767,0.572663,False
Washington_DC,per_capita_income,log1p_zscore,10.482441,0.678385,False
Washington_DC,employment_rate,linear_zscore,85.216419,12.83476,False
Washington_DC,unemployment_rate,linear_zscore,13.29209,10.48616,False
Washington_DC,commute_transit_pct,linear_zscore,38.548548,12.300133,False
Washington_DC,commute_active_pct,linear_zscore,13.367236,14.931743,False
Washington_DC,commute_wfh_pct,linear_zscore,4.34737,3.737794,False
Washington_DC,zero_vehicle_pct,linear_zscore,6.32604,4.181095,False
Washington_DC,avg_vehicles_per_household,linear_zscore,0.879937,0.337748,False
Washington_DC,higher_education_pct,linear_zscore,34.415596,18.71699,False
Washington_DC,homeownership_rate,linear_zscore,42.142208,21.933118,False
Washington_DC,office,log1p_zscore,0.986396,1.070107,False
Washington_DC,office_density,log1p_zscore,0.963675,1.083512,False
Washington_DC,industrial,log1p_zscore,0.100389,0.292961,False
Washington_DC,industrial_density,log1p_zscore,0.060514,0.198875,False
Washington_DC,commercial,log1p_zscore,0.844232,0.851744,False
Washington_DC,commercial_density,log1p_zscore,0.818211,0.879853,False
Washington_DC,education_primary,log1p_zscore,1.126354,0.652454,False
Washington_DC,education_primary_density,log1p_zscore,1.056981,0.689539,False
Washington_DC,road_length_total,log1p_zscore,9.853411,0.636848,False
Washington_DC,road_density,log1p_zscore,0.018106,0.005018,False
Washington_DC,road_count,log1p_zscore,5.08899,0.551676,False
Washington_DC,motorway_length,log1p_zscore,1.251389,2.973941,False
Washington_DC,primary_length,log1p_zscore,6.215155,3.11416,False
Washington_DC,distance,log1p_zscore,1.885983,0.516621,False
Wichita,total_population,log1p_zscore,8.143343,0.408629,False
Wichita,median_age,linear_zscore,34.807292,6.44876,False
Wichita,median_income,log1p_zscore,10.644472,0.443157,False
Wichita,per_capita_income,log1p_zscore,9.974634,0.42362,False
Wichita,employment_rate,linear_zscore,88.187596,6.354196,False
Wichita,unemployment_rate,linear_zscore,11.04527,6.547514,False
Wichita,commute_transit_pct,linear_zscore,0.822325,1.261885,False
Wichita,commute_active_pct,linear_zscore,2.079725,2.627138,False
Wichita,commute_wfh_pct,linear_zscore,2.891452,2.058003,False
Wichita,zero_vehicle_pct,linear_zscore,1.357572,1.219079,False
Wichita,avg_vehicles_per_household,linear_zscore,1.69801,0.297186,False
Wichita,higher_education_pct,linear_zscore,27.86338,17.64999,False
Wichita,homeownership_rate,linear_zscore,57.705082,20.403576,False
Wichita,office,log1p_zscore,0.45305,0.659578,False
Wichita,office_density,log1p_zscore,0.162704,0.311513,False
Wichita,industrial,log1p_zscore,0.433149,0.808606,False
Wichita,industrial_density,log1p_zscore,0.144654,0.315008,False
Wichita,commercial,log1p_zscore,1.543192,1.017566,False
Wichita,commercial_density,log1p_zscore,0.740731,0.727584,False
Wichita,education_primary,log1p_zscore,0.793007,0.656286,False
Wichita,education_primary_density,log1p_zscore,0.273815,0.279755,False
Wichita,road_length_total,log1p_zscore,11.156954,0.514555,False
Wichita,road_density,log1p_zscore,0.015678,0.004774,False
Wichita,road_count,log1p_zscore,6.090601,0.43648,False
Wichita,motorway_length,log1p_zscore,4.510543,4.345301,False
Wichita,primary_length,log1p_zscore,1.517467,3.170671,False
Wichita,distance,log1p_zscore,2.171954,0.524684,False
