source_city,train_split_seed,K,D_cap_p99,bin_id,lower_km,upper_km
Arlington,42,2,18.4164,1,0.0,9.2082
Arlington,42,2,18.4164,2,9.2082,inf
Arlington,42,4,18.4164,1,0.0,4.6041
Arlington,42,4,18.4164,2,4.6041,9.2082
Arlington,42,4,18.4164,3,9.2082,13.8123
Arlington,42,4,18.4164,4,13.8123,inf
Arlington,42,8,18.4164,1,0.0,2.302
Arlington,42,8,18.4164,2,2.302,4.6041
Arlington,42,8,18.4164,3,4.6041,6.9061
Arlington,42,8,18.4164,4,6.9061,9.2082
Arlington,42,8,18.4164,5,9.2082,11.5102
Arlington,42,8,18.4164,6,11.5102,13.8123
Arlington,42,8,18.4164,7,13.8123,16.1143
Arlington,42,8,18.4164,8,16.1143,inf
Arlington,42,12,18.4164,1,0.0,1.5347
Arlington,42,12,18.4164,2,1.5347,3.0694
Arlington,42,12,18.4164,3,3.0694,4.6041
Arlington,42,12,18.4164,4,4.6041,6.1388
Arlington,42,12,18.4164,5,6.1388,7.6735
Arlington,42,12,18.4164,6,7.6735,9.2082
Arlington,42,12,18.4164,7,9.2082,10.7429
Arlington,42,12,18.4164,8,10.7429,12.2776
Arlington,42,12,18.4164,9,12.2776,13.8123
Arlington,42,12,18.4164,10,13.8123,15.347
Arlington,42,12,18.4164,11,15.347,16.8817
Arlington,42,12,18.4164,12,16.8817,inf
Arlington,42,20,18.4164,1,0.0,0.9208
Arlington,42,20,18.4164,2,0.9208,1.8416
Arlington,42,20,18.4164,3,1.8416,2.7625
Arlington,42,20,18.4164,4,2.7625,3.6833
Arlington,42,20,18.4164,5,3.6833,4.6041
Arlington,42,20,18.4164,6,4.6041,5.5249
Arlington,42,20,18.4164,7,5.5249,6.4457
Arlington,42,20,18.4164,8,6.4457,7.3666
Arlington,42,20,18.4164,9,7.3666,8.2874
Arlington,42,20,18.4164,10,8.2874,9.2082
Arlington,42,20,18.4164,11,9.2082,10.129
Arlington,42,20,18.4164,12,10.129,11.0498
Arlington,42,20,18.4164,13,11.0498,11.9707
Arlington,42,20,18.4164,14,11.9707,12.8915
Arlington,42,20,18.4164,15,12.8915,13.8123
Arlington,42,20,18.4164,16,13.8123,14.7331
Arlington,42,20,18.4164,17,14.7331,15.6539
Arlington,42,20,18.4164,18,15.6539,16.5748
Arlington,42,20,18.4164,19,16.5748,17.4956
Arlington,42,20,18.4164,20,17.4956,inf
Seattle,42,2,22.0915,1,0.0,11.0458
Seattle,42,2,22.0915,2,11.0458,inf
Seattle,42,4,22.0915,1,0.0,5.5229
Seattle,42,4,22.0915,2,5.5229,11.0458
Seattle,42,4,22.0915,3,11.0458,16.5687
Seattle,42,4,22.0915,4,16.5687,inf
Seattle,42,8,22.0915,1,0.0,2.7614
Seattle,42,8,22.0915,2,2.7614,5.5229
Seattle,42,8,22.0915,3,5.5229,8.2843
Seattle,42,8,22.0915,4,8.2843,11.0458
Seattle,42,8,22.0915,5,11.0458,13.8072
Seattle,42,8,22.0915,6,13.8072,16.5687
Seattle,42,8,22.0915,7,16.5687,19.3301
Seattle,42,8,22.0915,8,19.3301,inf
Seattle,42,12,22.0915,1,0.0,1.841
Seattle,42,12,22.0915,2,1.841,3.6819
Seattle,42,12,22.0915,3,3.6819,5.5229
Seattle,42,12,22.0915,4,5.5229,7.3638
Seattle,42,12,22.0915,5,7.3638,9.2048
Seattle,42,12,22.0915,6,9.2048,11.0458
Seattle,42,12,22.0915,7,11.0458,12.8867
Seattle,42,12,22.0915,8,12.8867,14.7277
Seattle,42,12,22.0915,9,14.7277,16.5687
Seattle,42,12,22.0915,10,16.5687,18.4096
Seattle,42,12,22.0915,11,18.4096,20.2506
Seattle,42,12,22.0915,12,20.2506,inf
Seattle,42,20,22.0915,1,0.0,1.1046
Seattle,42,20,22.0915,2,1.1046,2.2092
Seattle,42,20,22.0915,3,2.2092,3.3137
Seattle,42,20,22.0915,4,3.3137,4.4183
Seattle,42,20,22.0915,5,4.4183,5.5229
Seattle,42,20,22.0915,6,5.5229,6.6275
Seattle,42,20,22.0915,7,6.6275,7.732
Seattle,42,20,22.0915,8,7.732,8.8366
Seattle,42,20,22.0915,9,8.8366,9.9412
Seattle,42,20,22.0915,10,9.9412,11.0458
Seattle,42,20,22.0915,11,11.0458,12.1504
Seattle,42,20,22.0915,12,12.1504,13.2549
Seattle,42,20,22.0915,13,13.2549,14.3595
Seattle,42,20,22.0915,14,14.3595,15.4641
Seattle,42,20,22.0915,15,15.4641,16.5687
Seattle,42,20,22.0915,16,16.5687,17.6732
Seattle,42,20,22.0915,17,17.6732,18.7778
Seattle,42,20,22.0915,18,18.7778,19.8824
Seattle,42,20,22.0915,19,19.8824,20.987
Seattle,42,20,22.0915,20,20.987,inf
Charlotte,42,2,33.4938,1,0.0,16.7469
Charlotte,42,2,33.4938,2,16.7469,inf
Charlotte,42,4,33.4938,1,0.0,8.3734
Charlotte,42,4,33.4938,2,8.3734,16.7469
Charlotte,42,4,33.4938,3,16.7469,25.1203
Charlotte,42,4,33.4938,4,25.1203,inf
Charlotte,42,8,33.4938,1,0.0,4.1867
Charlotte,42,8,33.4938,2,4.1867,8.3734
Charlotte,42,8,33.4938,3,8.3734,12.5602
Charlotte,42,8,33.4938,4,12.5602,16.7469
Charlotte,42,8,33.4938,5,16.7469,20.9336
Charlotte,42,8,33.4938,6,20.9336,25.1203
Charlotte,42,8,33.4938,7,25.1203,29.3071
Charlotte,42,8,33.4938,8,29.3071,inf
Charlotte,42,12,33.4938,1,0.0,2.7911
Charlotte,42,12,33.4938,2,2.7911,5.5823
Charlotte,42,12,33.4938,3,5.5823,8.3734
Charlotte,42,12,33.4938,4,8.3734,11.1646
Charlotte,42,12,33.4938,5,11.1646,13.9557
Charlotte,42,12,33.4938,6,13.9557,16.7469
Charlotte,42,12,33.4938,7,16.7469,19.538
Charlotte,42,12,33.4938,8,19.538,22.3292
Charlotte,42,12,33.4938,9,22.3292,25.1203
Charlotte,42,12,33.4938,10,25.1203,27.9115
Charlotte,42,12,33.4938,11,27.9115,30.7026
Charlotte,42,12,33.4938,12,30.7026,inf
Charlotte,42,20,33.4938,1,0.0,1.6747
Charlotte,42,20,33.4938,2,1.6747,3.3494
Charlotte,42,20,33.4938,3,3.3494,5.0241
Charlotte,42,20,33.4938,4,5.0241,6.6988
Charlotte,42,20,33.4938,5,6.6988,8.3734
Charlotte,42,20,33.4938,6,8.3734,10.0481
Charlotte,42,20,33.4938,7,10.0481,11.7228
Charlotte,42,20,33.4938,8,11.7228,13.3975
Charlotte,42,20,33.4938,9,13.3975,15.0722
Charlotte,42,20,33.4938,10,15.0722,16.7469
Charlotte,42,20,33.4938,11,16.7469,18.4216
Charlotte,42,20,33.4938,12,18.4216,20.0963
Charlotte,42,20,33.4938,13,20.0963,21.771
Charlotte,42,20,33.4938,14,21.771,23.4456
Charlotte,42,20,33.4938,15,23.4456,25.1203
Charlotte,42,20,33.4938,16,25.1203,26.795
Charlotte,42,20,33.4938,17,26.795,28.4697
Charlotte,42,20,33.4938,18,28.4697,30.1444
Charlotte,42,20,33.4938,19,30.1444,31.8191
Charlotte,42,20,33.4938,20,31.8191,inf
San_Diego,42,2,43.0674,1,0.0,21.5337
San_Diego,42,2,43.0674,2,21.5337,inf
San_Diego,42,4,43.0674,1,0.0,10.7668
San_Diego,42,4,43.0674,2,10.7668,21.5337
San_Diego,42,4,43.0674,3,21.5337,32.3005
San_Diego,42,4,43.0674,4,32.3005,inf
San_Diego,42,8,43.0674,1,0.0,5.3834
San_Diego,42,8,43.0674,2,5.3834,10.7668
San_Diego,42,8,43.0674,3,10.7668,16.1503
San_Diego,42,8,43.0674,4,16.1503,21.5337
San_Diego,42,8,43.0674,5,21.5337,26.9171
San_Diego,42,8,43.0674,6,26.9171,32.3005
San_Diego,42,8,43.0674,7,32.3005,37.6839
San_Diego,42,8,43.0674,8,37.6839,inf
San_Diego,42,12,43.0674,1,0.0,3.5889
San_Diego,42,12,43.0674,2,3.5889,7.1779
San_Diego,42,12,43.0674,3,7.1779,10.7668
San_Diego,42,12,43.0674,4,10.7668,14.3558
San_Diego,42,12,43.0674,5,14.3558,17.9447
San_Diego,42,12,43.0674,6,17.9447,21.5337
San_Diego,42,12,43.0674,7,21.5337,25.1226
San_Diego,42,12,43.0674,8,25.1226,28.7116
San_Diego,42,12,43.0674,9,28.7116,32.3005
San_Diego,42,12,43.0674,10,32.3005,35.8895
San_Diego,42,12,43.0674,11,35.8895,39.4784
San_Diego,42,12,43.0674,12,39.4784,inf
San_Diego,42,20,43.0674,1,0.0,2.1534
San_Diego,42,20,43.0674,2,2.1534,4.3067
San_Diego,42,20,43.0674,3,4.3067,6.4601
San_Diego,42,20,43.0674,4,6.4601,8.6135
San_Diego,42,20,43.0674,5,8.6135,10.7668
San_Diego,42,20,43.0674,6,10.7668,12.9202
San_Diego,42,20,43.0674,7,12.9202,15.0736
San_Diego,42,20,43.0674,8,15.0736,17.2269
San_Diego,42,20,43.0674,9,17.2269,19.3803
San_Diego,42,20,43.0674,10,19.3803,21.5337
San_Diego,42,20,43.0674,11,21.5337,23.687
San_Diego,42,20,43.0674,12,23.687,25.8404
San_Diego,42,20,43.0674,13,25.8404,27.9938
San_Diego,42,20,43.0674,14,27.9938,30.1471
San_Diego,42,20,43.0674,15,30.1471,32.3005
San_Diego,42,20,43.0674,16,32.3005,34.4539
San_Diego,42,20,43.0674,17,34.4539,36.6073
San_Diego,42,20,43.0674,18,36.6073,38.7606
San_Diego,42,20,43.0674,19,38.7606,40.914
San_Diego,42,20,43.0674,20,40.914,inf
Chicago,42,2,32.8018,1,0.0,16.4009
Chicago,42,2,32.8018,2,16.4009,inf
Chicago,42,4,32.8018,1,0.0,8.2004
Chicago,42,4,32.8018,2,8.2004,16.4009
Chicago,42,4,32.8018,3,16.4009,24.6013
Chicago,42,4,32.8018,4,24.6013,inf
Chicago,42,8,32.8018,1,0.0,4.1002
Chicago,42,8,32.8018,2,4.1002,8.2004
Chicago,42,8,32.8018,3,8.2004,12.3007
Chicago,42,8,32.8018,4,12.3007,16.4009
Chicago,42,8,32.8018,5,16.4009,20.5011
Chicago,42,8,32.8018,6,20.5011,24.6013
Chicago,42,8,32.8018,7,24.6013,28.7016
Chicago,42,8,32.8018,8,28.7016,inf
Chicago,42,12,32.8018,1,0.0,2.7335
Chicago,42,12,32.8018,2,2.7335,5.467
Chicago,42,12,32.8018,3,5.467,8.2004
Chicago,42,12,32.8018,4,8.2004,10.9339
Chicago,42,12,32.8018,5,10.9339,13.6674
Chicago,42,12,32.8018,6,13.6674,16.4009
Chicago,42,12,32.8018,7,16.4009,19.1344
Chicago,42,12,32.8018,8,19.1344,21.8679
Chicago,42,12,32.8018,9,21.8679,24.6013
Chicago,42,12,32.8018,10,24.6013,27.3348
Chicago,42,12,32.8018,11,27.3348,30.0683
Chicago,42,12,32.8018,12,30.0683,inf
Chicago,42,20,32.8018,1,0.0,1.6401
Chicago,42,20,32.8018,2,1.6401,3.2802
Chicago,42,20,32.8018,3,3.2802,4.9203
Chicago,42,20,32.8018,4,4.9203,6.5604
Chicago,42,20,32.8018,5,6.5604,8.2004
Chicago,42,20,32.8018,6,8.2004,9.8405
Chicago,42,20,32.8018,7,9.8405,11.4806
Chicago,42,20,32.8018,8,11.4806,13.1207
Chicago,42,20,32.8018,9,13.1207,14.7608
Chicago,42,20,32.8018,10,14.7608,16.4009
Chicago,42,20,32.8018,11,16.4009,18.041
Chicago,42,20,32.8018,12,18.041,19.6811
Chicago,42,20,32.8018,13,19.6811,21.3212
Chicago,42,20,32.8018,14,21.3212,22.9612
Chicago,42,20,32.8018,15,22.9612,24.6013
Chicago,42,20,32.8018,16,24.6013,26.2414
Chicago,42,20,32.8018,17,26.2414,27.8815
Chicago,42,20,32.8018,18,27.8815,29.5216
Chicago,42,20,32.8018,19,29.5216,31.1617
Chicago,42,20,32.8018,20,31.1617,inf
