target_city,n_positive_support_pairs,true_total_on_positive_support,support_definition
Albuquerque,13107,7283386.0,i!=j & distance_km>0 & true_flow>=1
Arlington,4556,3702902.0,i!=j & distance_km>0 & true_flow>=1
Atlanta,15688,5987376.0,i!=j & distance_km>0 & true_flow>=1
Austin,28365,13402546.0,i!=j & distance_km>0 & true_flow>=1
Baltimore,39532,7367324.0,i!=j & distance_km>0 & true_flow>=1
Boston,30924,9496793.0,i!=j & distance_km>0 & true_flow>=1
Charlotte,33863,11619080.0,i!=j & distance_km>0 & true_flow>=1
Chicago,527934,38990968.0,i!=j & distance_km>0 & true_flow>=1
Colorado_Springs,8372,6304171.0,i!=j & distance_km>0 & true_flow>=1
Columbus,33185,8608400.0,i!=j & distance_km>0 & true_flow>=1
Dallas,160695,26048712.0,i!=j & distance_km>0 & true_flow>=1
Denver,20559,8068060.0,i!=j & distance_km>0 & true_flow>=1
Detroit,85496,7165185.0,i!=j & distance_km>0 & true_flow>=1
El_Paso,16256,10323887.0,i!=j & distance_km>0 & true_flow>=1
Fort_Worth,19149,8238085.0,i!=j & distance_km>0 & true_flow>=1
Fresno,9900,6339794.0,i!=j & distance_km>0 & true_flow>=1
Houston,206487,32987804.0,i!=j & distance_km>0 & true_flow>=1
Indianapolis,40962,12166830.0,i!=j & distance_km>0 & true_flow>=1
Jacksonville,26384,14423372.0,i!=j & distance_km>0 & true_flow>=1
Kansas_City,20541,5399123.0,i!=j & distance_km>0 & true_flow>=1
Las_Vegas,19387,5615287.0,i!=j & distance_km>0 & true_flow>=1
Long_Beach,10495,3938741.0,i!=j & distance_km>0 & true_flow>=1
Los_Angeles,785372,54755692.0,i!=j & distance_km>0 & true_flow>=1
Louisville,5550,2571300.0,i!=j & distance_km>0 & true_flow>=1
Memphis,29702,9970524.0,i!=j & distance_km>0 & true_flow>=1
Mesa,10910,4057293.0,i!=j & distance_km>0 & true_flow>=1
Miami,9300,4429229.0,i!=j & distance_km>0 & true_flow>=1
Milwaukee,42499,6879880.0,i!=j & distance_km>0 & true_flow>=1
Minneapolis,12862,4276433.0,i!=j & distance_km>0 & true_flow>=1
Nashville,22907,10179059.0,i!=j & distance_km>0 & true_flow>=1
New_York,3095249,151419392.0,i!=j & distance_km>0 & true_flow>=1
Oakland,12644,4314460.0,i!=j & distance_km>0 & true_flow>=1
Oklahoma_City,27300,7002090.0,i!=j & distance_km>0 & true_flow>=1
Omaha,14039,5315519.0,i!=j & distance_km>0 & true_flow>=1
Philadelphia,144895,22981410.0,i!=j & distance_km>0 & true_flow>=1
Phoenix,117126,21608908.0,i!=j & distance_km>0 & true_flow>=1
Portland,19730,8675776.0,i!=j & distance_km>0 & true_flow>=1
Raleigh,5255,4575350.0,i!=j & distance_km>0 & true_flow>=1
Sacramento,9894,4695372.0,i!=j & distance_km>0 & true_flow>=1
San_Antonio,77541,23012132.0,i!=j & distance_km>0 & true_flow>=1
San_Diego,75226,20400392.0,i!=j & distance_km>0 & true_flow>=1
San_Francisco,36916,13061602.0,i!=j & distance_km>0 & true_flow>=1
San_Jose,33262,11130877.0,i!=j & distance_km>0 & true_flow>=1
Seattle,17251,10018602.0,i!=j & distance_km>0 & true_flow>=1
Tampa,9260,4658924.0,i!=j & distance_km>0 & true_flow>=1
Tucson,13568,7042119.0,i!=j & distance_km>0 & true_flow>=1
Tulsa,14518,5914210.0,i!=j & distance_km>0 & true_flow>=1
Virginia_Beach,9893,5936547.0,i!=j & distance_km>0 & true_flow>=1
Washington_DC,31713,9741129.0,i!=j & distance_km>0 & true_flow>=1
Wichita,9120,5381867.0,i!=j & distance_km>0 & true_flow>=1
